{
  "contract": "7d942a840933927f5daf6b02483ff26f",
  "tool": "securify",
  "start": 1645772012.1061025,
  "end": 1645772569.5787039,
  "duration": 557.4726014137268,
  "analysis": {
    "/data/7d942a840933927f5daf6b02483ff26f.sol:EtherCityData": {
      "results": {
        "TODReceiver": {
          "violations": [
            1021
          ],
          "warnings": [],
          "safe": [
            1200
          ],
          "conflicts": [
            888
          ]
        },
        "UnhandledException": {
          "violations": [],
          "warnings": [
            1026,
            1019,
            763,
            1203,
            1093,
            696,
            1200,
            770,
            938,
            841,
            1090,
            910,
            942,
            1014,
            750,
            829,
            765,
            1021,
            888
          ],
          "safe": [],
          "conflicts": []
        },
        "TODTransfer": {
          "violations": [],
          "warnings": [
            1200
          ],
          "safe": [],
          "conflicts": [
            1021,
            888
          ]
        },
        "DAO": {
          "violations": [],
          "warnings": [
            1021
          ],
          "safe": [],
          "conflicts": []
        },
        "TODAmount": {
          "violations": [],
          "warnings": [
            1200
          ],
          "safe": [
            1021
          ],
          "conflicts": [
            888
          ]
        },
        "MissingInputValidation": {
          "violations": [],
          "warnings": [],
          "safe": [],
          "conflicts": []
        },
        "DAOConstantGas": {
          "violations": [],
          "warnings": [
            1200,
            888
          ],
          "safe": [],
          "conflicts": []
        },
        "UnrestrictedEtherFlow": {
          "violations": [],
          "warnings": [
            1026,
            1019,
            763,
            1203,
            1093,
            696,
            1200,
            770,
            938,
            841,
            1090,
            910,
            942,
            1014,
            750,
            829,
            765,
            1021,
            888
          ],
          "safe": [],
          "conflicts": []
        }
      }
    },
    "/data/7d942a840933927f5daf6b02483ff26f.sol:EtherCityConfig": {
      "results": {
        "TODReceiver": {
          "violations": [
            -1
          ],
          "warnings": [],
          "safe": [],
          "conflicts": []
        },
        "UnhandledException": {
          "violations": [],
          "warnings": [
            148,
            182,
            -1,
            219,
            176
          ],
          "safe": [],
          "conflicts": []
        },
        "TODTransfer": {
          "violations": [],
          "warnings": [],
          "safe": [],
          "conflicts": [
            -1
          ]
        },
        "DAO": {
          "violations": [],
          "warnings": [
            -1
          ],
          "safe": [],
          "conflicts": []
        },
        "TODAmount": {
          "violations": [],
          "warnings": [],
          "safe": [
            -1
          ],
          "conflicts": []
        },
        "MissingInputValidation": {
          "violations": [
            252,
            235,
            179,
            190,
            225,
            108,
            129,
            244,
            159
          ],
          "warnings": [
            115,
            120,
            153,
            140,
            145
          ],
          "safe": [
            203
          ],
          "conflicts": []
        },
        "DAOConstantGas": {
          "violations": [],
          "warnings": [],
          "safe": [],
          "conflicts": []
        },
        "UnrestrictedEtherFlow": {
          "violations": [],
          "warnings": [
            148,
            182,
            -1,
            219,
            176
          ],
          "safe": [],
          "conflicts": []
        }
      }
    },
    "/data/7d942a840933927f5daf6b02483ff26f.sol:Math": {
      "results": {
        "TODReceiver": {
          "violations": [
            -1
          ],
          "warnings": [],
          "safe": [
            -1
          ],
          "conflicts": [
            -1
          ]
        },
        "UnhandledException": {
          "violations": [],
          "warnings": [
            -1
          ],
          "safe": [],
          "conflicts": []
        },
        "TODTransfer": {
          "violations": [],
          "warnings": [
            -1
          ],
          "safe": [],
          "conflicts": [
            -1
          ]
        },
        "DAO": {
          "violations": [],
          "warnings": [
            -1
          ],
          "safe": [],
          "conflicts": []
        },
        "TODAmount": {
          "violations": [],
          "warnings": [
            -1
          ],
          "safe": [
            -1
          ],
          "conflicts": [
            -1
          ]
        },
        "MissingInputValidation": {
          "violations": [],
          "warnings": [],
          "safe": [],
          "conflicts": []
        },
        "DAOConstantGas": {
          "violations": [],
          "warnings": [
            -1
          ],
          "safe": [],
          "conflicts": []
        },
        "UnrestrictedEtherFlow": {
          "violations": [],
          "warnings": [
            -1
          ],
          "safe": [],
          "conflicts": []
        }
      }
    },
    "/data/7d942a840933927f5daf6b02483ff26f.sol:EtherCity": {
      "results": {
        "TODReceiver": {
          "violations": [
            1821
          ],
          "warnings": [],
          "safe": [],
          "conflicts": []
        },
        "UnhandledException": {
          "violations": [],
          "warnings": [
            1408,
            1486,
            1613,
            1434,
            1627,
            1555,
            1429,
            1585,
            1618,
            1632,
            1419,
            1849,
            1864,
            1522,
            1906,
            1896,
            1874,
            1821
          ],
          "safe": [],
          "conflicts": []
        },
        "TODTransfer": {
          "violations": [],
          "warnings": [],
          "safe": [],
          "conflicts": [
            1821
          ]
        },
        "DAO": {
          "violations": [],
          "warnings": [
            1821
          ],
          "safe": [],
          "conflicts": []
        },
        "TODAmount": {
          "violations": [],
          "warnings": [],
          "safe": [
            1821
          ],
          "conflicts": []
        },
        "MissingInputValidation": {
          "violations": [],
          "warnings": [],
          "safe": [],
          "conflicts": []
        },
        "DAOConstantGas": {
          "violations": [],
          "warnings": [],
          "safe": [],
          "conflicts": []
        },
        "UnrestrictedEtherFlow": {
          "violations": [],
          "warnings": [
            1408,
            1486,
            1613,
            1434,
            1627,
            1555,
            1429,
            1585,
            1618,
            1632,
            1419,
            1849,
            1864,
            1522,
            1906,
            1896,
            1874,
            1821
          ],
          "safe": [],
          "conflicts": []
        }
      }
    },
    "/data/7d942a840933927f5daf6b02483ff26f.sol:EtherCityRank": {
      "results": {
        "TODReceiver": {
          "violations": [
            -1
          ],
          "warnings": [],
          "safe": [
            -1
          ],