{
  "contract": "67087bf8b0d0865231e39522d51f4f51",
  "tool": "securify",
  "start": 1645852955.5977511,
  "end": 1645854218.9993315,
  "duration": 1263.4015803337097,
  "analysis": {
    "/data/67087bf8b0d0865231e39522d51f4f51.sol:TokenERC20": {
      "results": {
        "TODReceiver": {
          "violations": [],
          "warnings": [],
          "safe": [
            -1
          ],
          "conflicts": []
        },
        "UnhandledException": {
          "violations": [],
          "warnings": [
            -1,
            391,
            447
          ],
          "safe": [],
          "conflicts": []
        },
        "TODTransfer": {
          "violations": [],
          "warnings": [],
          "safe": [
            -1
          ],
          "conflicts": []
        },
        "DAO": {
          "violations": [
            -1
          ],
          "warnings": [],
          "safe": [],
          "conflicts": []
        },
        "TODAmount": {
          "violations": [],
          "warnings": [],
          "safe": [
            -1
          ],
          "conflicts": []
        },
        "MissingInputValidation": {
          "violations": [
            267,
            0,
            265,
            1,
            403,
            53,
            424,
            56,
            54,
            421,
            357,
            31,
            386,
            371,
            301,
            -1,
            454,
            108,
            448,
            128,
            69,
            446,
            130,
            356,
            123,
            82,
            287,
            92,
            103,
            114,
            441,
            419,
            275,
            291,
            276,
            98
          ],
          "warnings": [
            267,
            92,
            276,
            358,
            82,
            425,
            57,
            403,
            287,
            -1,
            307,
            449,
            31,
            457,
            441,
            391,
            261,
            264,
            283,
            279,
            35,
            265,
            47,
            77,
            53,
            272,
            316
          ],
          "safe": [
            359,
            2,
            98,
            49,
            128,
            -1,
            446,
            342
          ],
          "conflicts": []
        },
        "DAOConstantGas": {
          "violations": [],
          "warnings": [],
          "safe": [],
          "conflicts": []
        },
        "UnrestrictedEtherFlow": {
          "violations": [],
          "warnings": [
            -1,
            391,
            447
          ],
          "safe": [
            -1
          ],
          "conflicts": []
        }
      }
    },
    "/data/67087bf8b0d0865231e39522d51f4f51.sol:HanYinToken": {
      "results": {
        "TODReceiver": {
          "violations": [],
          "warnings": [],
          "safe": [
            610,
            613,
            560
          ],
          "conflicts": []
        },
        "UnhandledException": {
          "violations": [],
          "warnings": [
            391,
            610,
            613,
            560,
            652,
            520
          ],
          "safe": [],
          "conflicts": []
        },
        "TODTransfer": {
          "violations": [],
          "warnings": [],
          "safe": [
            610,
            613,
            560
          ],
          "conflicts": []
        },
        "DAO": {
          "violations": [
            610,
            613,
            560
          ],
          "warnings": [],
          "safe": [],
          "conflicts": []
        },
        "TODAmount": {
          "violations": [],
          "warnings": [],
          "safe": [
            610,
            613,
            560
          ],
          "conflicts": []
        },
        "MissingInputValidation": {
          "violations": [
            275,
            279,
            403,
            77,
            92,
            0,
            123,
            386,
            592,
            291,
            301,
            553,
            648,
            47,
            513,
            287,
            276,
            419,
            108,
            371,
            114,
            82,
            469,
            162,
            240,
            103,
            244,
            98
          ],
          "warnings": [
            275,
            469,
            176,
            301,
            196,
            386,
            592,
            108,
            207,
            47,
            264,
            403,
            155,
            283,
            279,
            35,
            272,
            265,
            77,
            473,
            53,
            267,
            187
          ],
          "safe": [
            301,
            648,
            265,
            553,
            215,
            225,
            196,
            176,
            465
          ],
          "conflicts": []
        },
        "DAOConstantGas": {
          "violations": [],
          "warnings": [],
          "safe": [],
          "conflicts": []
        },
        "UnrestrictedEtherFlow": {
          "violations": [],
          "warnings": [
            391,
            652,
            520
          ],
          "safe": [
            610,
            613,
            560
          ],
          "conflicts": []
        }
      }
    },
    "/data/67087bf8b0d0865231e39522d51f4f51.sol:Ownable": {
      "results": {
        "TODReceiver": {
          "violations": [],
          "warnings": [],
          "safe": [
            -1
          ],
          "conflicts": []
        },
        "UnhandledException": {
          "violations": [],
          "warnings": [
            -1
          ],
          "safe": [],
          "conflicts": []
        },
        "TODTransfer": {
          "violations": [],
          "warnings": [],
          "safe": [
            -1
          ],
          "conflicts": []
        },
        "DAO": {
          "violations": [
            -1
          ],
          "warnings": [],
          "safe": [],
          "conflicts": []
        },
        "TODAmount": {
          "violations": [],
          "warnings": [],
          "safe": [
            -1
          ],
          "conflicts": []
        },
        "MissingInputValidation": {
          "violations": [
            -1
          ],
          "warnings": [
            -1,
            53,
            47,
            35
          ],
          "safe": [
            -1
          ],
          "conflicts": []
        },
        "DAOConstantGas": {
          "violations": [],
          "warnings": [],
          "safe": [],
          "conflicts": []
        },
        "UnrestrictedEtherFlow": {
          "violations": [],
          "warnings": [
            -1
          ],
          "safe": [
            -1
          ],
          "conflicts": []
        }
      }
    },
    "/data/67087bf8b0d0865231e39522d51f4f51.sol:tokenRecipient": {
      "results": {
        "TODReceiver": {
          "violations": [],
          "warnings": [],
          "safe": [
            -1
          ],
          "conflicts": []
        },
        "UnhandledException": {
          "violations": [],
          "warnings": [
            -1
          ],
          "safe": [],
          "conflicts": []
        },
        "TODTransfer": {
          "violations": [],
          "warnings": [],
          "safe": [
            -1
          ],
          "conflicts": []
        },
        "DAO": {
          "violations": [
            -1
          ],
          "warnings": [],
          "safe": [],
          "conflicts": []
        },
        "TODAmount": {
          "violations": [],
          "warnings": [],
          "safe": [
            -1
          ],