{
  "contract": "b4e94962afa013ad99841bb07b91c129",
  "tool": "securify",
  "start": 1646000844.3425908,
  "end": 1646001111.1366904,
  "duration": 266.7940995693207,
  "analysis": {
    "/data/b4e94962afa013ad99841bb07b91c129.sol:ICO": {
      "results": {
        "TODReceiver": {
          "violations": [],
          "warnings": [
            243
          ],
          "safe": [
            191,
            221,
            231,
            233,
            177
          ],
          "conflicts": []
        },
        "UnhandledException": {
          "violations": [],
          "warnings": [
            191,
            243,
            221,
            231,
            233,
            177
          ],
          "safe": [],
          "conflicts": []
        },
        "TODTransfer": {
          "violations": [
            243,
            221
          ],
          "warnings": [],
          "safe": [
            191,
            231,
            233,
            177
          ],
          "conflicts": []
        },
        "DAO": {
          "violations": [
            233
          ],
          "warnings": [
            191,
            231,
            177
          ],
          "safe": [],
          "conflicts": []
        },
        "TODAmount": {
          "violations": [
            221
          ],
          "warnings": [],
          "safe": [
            191,
            243,
            231,
            233,
            177
          ],
          "conflicts": []
        },
        "MissingInputValidation": {
          "violations": [
            110
          ],
          "warnings": [
            197,
            9,
            59,
            238,
            103,
            46,
            107,
            71,
            219,
            106,
            92,
            102,
            108,
            109,
            104,
            37,
            105,
            64
          ],
          "safe": [
            183,
            170
          ],
          "conflicts": []
        },
        "DAOConstantGas": {
          "violations": [
            243,
            221
          ],
          "warnings": [],
          "safe": [],
          "conflicts": []
        },
        "UnrestrictedEtherFlow": {
          "violations": [],
          "warnings": [
            221
          ],
          "safe": [
            191,
            243,
            231,
            233,
            177
          ],
          "conflicts": []
        }
      }
    },
    "/data/b4e94962afa013ad99841bb07b91c129.sol:Pausable": {
      "results": {
        "TODReceiver": {
          "violations": [],
          "warnings": [
            -1
          ],
          "safe": [
            -1
          ],
          "conflicts": []
        },
        "UnhandledException": {
          "violations": [],
          "warnings": [
            -1
          ],
          "safe": [],
          "conflicts": []
        },
        "TODTransfer": {
          "violations": [
            -1
          ],
          "warnings": [],
          "safe": [
            -1
          ],
          "conflicts": []
        },
        "DAO": {
          "violations": [
            -1
          ],
          "warnings": [
            -1
          ],
          "safe": [],
          "conflicts": []
        },
        "TODAmount": {
          "violations": [
            -1
          ],
          "warnings": [],
          "safe": [
            -1
          ],
          "conflicts": []
        },
        "MissingInputValidation": {
          "violations": [
            -1
          ],
          "warnings": [
            -1,
            1,
            0,
            37,
            9,
            59,
            64,
            46
          ],
          "safe": [
            -1
          ],
          "conflicts": []
        },
        "DAOConstantGas": {
          "violations": [
            -1
          ],
          "warnings": [],
          "safe": [],
          "conflicts": []
        },
        "UnrestrictedEtherFlow": {
          "violations": [],
          "warnings": [
            -1
          ],
          "safe": [
            -1
          ],
          "conflicts": []
        }
      }
    },
    "/data/b4e94962afa013ad99841bb07b91c129.sol:SafeMath": {
      "results": {
        "TODReceiver": {
          "violations": [],
          "warnings": [
            -1
          ],
          "safe": [
            -1
          ],
          "conflicts": []
        },
        "UnhandledException": {
          "violations": [],
          "warnings": [
            -1
          ],
          "safe": [],
          "conflicts": []
        },
        "TODTransfer": {
          "violations": [
            -1
          ],
          "warnings": [],
          "safe": [
            -1
          ],
          "conflicts": []
        },
        "DAO": {
          "violations": [
            -1
          ],
          "warnings": [
            -1
          ],
          "safe": [],
          "conflicts": []
        },
        "TODAmount": {
          "violations": [
            -1
          ],
          "warnings": [],
          "safe": [
            -1
          ],
          "conflicts": []
        },
        "MissingInputValidation": {
          "violations": [],
          "warnings": [],
          "safe": [],
          "conflicts": []
        },
        "DAOConstantGas": {
          "violations": [
            -1
          ],
          "warnings": [],
          "safe": [],
          "conflicts": []
        },
        "UnrestrictedEtherFlow": {
          "violations": [],
          "warnings": [
            -1
          ],
          "safe": [
            -1
          ],
          "conflicts": []
        }
      }
    },
    "/data/b4e94962afa013ad99841bb07b91c129.sol:Ownable": {
      "results": {
        "TODReceiver": {
          "violations": [],
          "warnings": [
            -1
          ],
          "safe": [
            -1
          ],
          "conflicts": []
        },
        "UnhandledException": {
          "violations": [],
          "warnings": [
            -1
          ],
          "safe": [],
          "conflicts": []
        },
        "TODTransfer": {
          "violations": [
            -1
          ],
          "warnings": [],
          "safe": [
            -1
          ],
          "conflicts": []
        },
        "DAO": {
          "violations": [
            -1
          ],
          "warnings": [
            -1
          ],
          "safe": [],
          "conflicts": []
        },
        "TODAmount": {
          "violations": [
            -1
          ],
          "warnings": [],
          "safe": [
            -1
          ],
          "conflicts": []
        },
        "MissingInputValidation": {
          "violations": [
            -1
          ],
          "warnings": [
            -1,
            9,
            37
          ],
          "safe": [
            -1
          ],
          "conflicts": []
        },
        "DAOConstantGas": {
          "violations": [
            -1
          ],
          "warnings": [],
          "safe": [],
          "conflicts": []
        },
        "UnrestrictedEtherFlow": {
          "violations": [],
          "warnings": [
            -1
          ],
          "safe": [
            -1
          ],
          "conflicts": []
        }
      }
    },
    "/data/b4e94962afa013ad99841bb07b91c129.sol:token": {
      "results": {
        "TODReceiver": {
          "violations": [],
          "warnings": [
            -1
          ],
          "safe": [
            -1
          ],
          "conflicts": []
        },
        "UnhandledException": {
          "violations": [],
          "warnings": [
            -1
          ],
          "safe": [],
          "conflicts": []
        },
        "TODTransfer": {
          "violations": [
            -1
          ],
          "warnings": [],
          "safe": [
            -1
          ],