{
  "contract": "ae4cc6b221d359085abed2f24b8d5f1b",
  "tool": "securify",
  "start": 1646080362.5974598,
  "end": 1646080962.3981721,
  "duration": 599.8007123470306,
  "analysis": {
    "/data/ae4cc6b221d359085abed2f24b8d5f1b.sol:PlayerBook": {
      "results": {
        "TODReceiver": {
          "violations": [],
          "warnings": [],
          "safe": [
            1106,
            1116,
            1484,
            1486,
            1488,
            1490
          ],
          "conflicts": []
        },
        "UnhandledException": {
          "violations": [],
          "warnings": [
            1106,
            1116,
            954,
            964,
            1484,
            1486,
            1488,
            1490,
            1004,
            1010
          ],
          "safe": [],
          "conflicts": []
        },
        "TODTransfer": {
          "violations": [],
          "warnings": [
            1116
          ],
          "safe": [
            1106,
            1484,
            1486,
            1488,
            1490
          ],
          "conflicts": []
        },
        "DAO": {
          "violations": [],
          "warnings": [
            1116,
            1484,
            1486,
            1488,
            1490
          ],
          "safe": [],
          "conflicts": []
        },
        "TODAmount": {
          "violations": [
            1106
          ],
          "warnings": [],
          "safe": [
            1116,
            1484,
            1486,
            1488,
            1490
          ],
          "conflicts": []
        },
        "MissingInputValidation": {
          "violations": [
            416,
            406,
            420,
            424,
            1382,
            410,
            1190,
            1218,
            1174,
            1496,
            422,
            418,
            408,
            1464,
            1204,
            1246
          ],
          "warnings": [
            612,
            1032,
            1232,
            404,
            412,
            414,
            220,
            1134,
            1070,
            978
          ],
          "safe": [
            756,
            1310,
            932,
            686,
            836
          ],
          "conflicts": []
        },
        "DAOConstantGas": {
          "violations": [],
          "warnings": [
            1106
          ],
          "safe": [],
          "conflicts": []
        },
        "UnrestrictedEtherFlow": {
          "violations": [],
          "warnings": [
            954,
            964,
            1004,
            1010
          ],
          "safe": [
            1106,
            1116,
            1484,
            1486,
            1488,
            1490
          ],
          "conflicts": []
        }
      }
    },
    "/data/ae4cc6b221d359085abed2f24b8d5f1b.sol:PlayerBookReceiverInterface": {
      "results": {
        "TODReceiver": {
          "violations": [],
          "warnings": [],
          "safe": [
            -1
          ],
          "conflicts": []
        },
        "UnhandledException": {
          "violations": [],
          "warnings": [
            -1
          ],
          "safe": [],
          "conflicts": []
        },
        "TODTransfer": {
          "violations": [],
          "warnings": [
            -1
          ],
          "safe": [
            -1
          ],
          "conflicts": []
        },
        "DAO": {
          "violations": [],
          "warnings": [
            -1
          ],
          "safe": [],
          "conflicts": []
        },
        "TODAmount": {
          "violations": [
            -1
          ],
          "warnings": [],
          "safe": [
            -1
          ],
          "conflicts": []
        },
        "MissingInputValidation": {
          "violations": [],
          "warnings": [],
          "safe": [],
          "conflicts": []
        },
        "DAOConstantGas": {
          "violations": [],
          "warnings": [
            -1
          ],
          "safe": [],
          "conflicts": []
        },
        "UnrestrictedEtherFlow": {
          "violations": [],
          "warnings": [
            -1
          ],
          "safe": [
            -1
          ],
          "conflicts": []
        }
      }
    },
    "/data/ae4cc6b221d359085abed2f24b8d5f1b.sol:SafeMath": {
      "results": {
        "TODReceiver": {
          "violations": [],
          "warnings": [],
          "safe": [
            -1
          ],
          "conflicts": []
        },
        "UnhandledException": {
          "violations": [],
          "warnings": [
            -1
          ],
          "safe": [],
          "conflicts": []
        },
        "TODTransfer": {
          "violations": [],
          "warnings": [
            -1
          ],
          "safe": [
            -1
          ],
          "conflicts": []
        },
        "DAO": {
          "violations": [],
          "warnings": [
            -1
          ],
          "safe": [],
          "conflicts": []
        },
        "TODAmount": {
          "violations": [
            -1
          ],
          "warnings": [],
          "safe": [
            -1
          ],
          "conflicts": []
        },
        "MissingInputValidation": {
          "violations": [],
          "warnings": [],
          "safe": [],
          "conflicts": []
        },
        "DAOConstantGas": {
          "violations": [],
          "warnings": [
            -1
          ],
          "safe": [],
          "conflicts": []
        },
        "UnrestrictedEtherFlow": {
          "violations": [],
          "warnings": [
            -1
          ],
          "safe": [
            -1
          ],
          "conflicts": []
        }
      }
    },
    "/data/ae4cc6b221d359085abed2f24b8d5f1b.sol:NameFilter": {
      "results": {
        "TODReceiver": {
          "violations": [],
          "warnings": [],
          "safe": [],
          "conflicts": []
        },
        "UnhandledException": {
          "violations": [],
          "warnings": [],
          "safe": [],
          "conflicts": []
        },
        "TODTransfer": {
          "violations": [],
          "warnings": [],
          "safe": [],
          "conflicts": []
        },
        "DAO": {
          "violations": [],
          "warnings": [],
          "safe": [],
          "conflicts": []
        },
        "TODAmount": {
          "violations": [],
          "warnings": [],
          "safe": [],
          "conflicts": []
        },
        "MissingInputValidation": {
          "violations": [],
          "warnings": [],
          "safe": [],
          "conflicts": []
        },
        "DAOConstantGas": {
          "violations": [],
          "warnings": [],
          "safe": [],
          "conflicts": []
        },
        "UnrestrictedEtherFlow": {
          "violations": [],
          "warnings": [],
          "safe": [],
          "conflicts": []
        }
      }
    }
  }
}