{
  "contract": "dfcff235a68ed9e30d861081b16ab44e",
  "tool": "securify",
  "start": 1646125736.2280302,
  "end": 1646126219.3248487,
  "duration": 483.09681844711304,
  "analysis": {
    "/data/dfcff235a68ed9e30d861081b16ab44e.sol:UpgradeableToken": {
      "results": {
        "TODReceiver": {
          "violations": [
            0,
            324
          ],
          "warnings": [],
          "safe": [
            301,
            134,
            -1,
            113,
            308
          ],
          "conflicts": []
        },
        "UnhandledException": {
          "violations": [],
          "warnings": [
            301,
            0,
            324,
            108,
            290,
            134,
            -1,
            113,
            308
          ],
          "safe": [],
          "conflicts": []
        },
        "TODTransfer": {
          "violations": [],
          "warnings": [
            301,
            134,
            -1,
            113
          ],
          "safe": [
            -1,
            308
          ],
          "conflicts": [
            0,
            324
          ]
        },
        "DAO": {
          "violations": [],
          "warnings": [
            301,
            134,
            -1,
            113,
            308
          ],
          "safe": [],
          "conflicts": []
        },
        "TODAmount": {
          "violations": [
            0
          ],
          "warnings": [
            324
          ],
          "safe": [
            301,
            134,
            -1,
            113,
            308
          ],
          "conflicts": []
        },
        "MissingInputValidation": {
          "violations": [
            157,
            342,
            133,
            301,
            251,
            0,
            135,
            150,
            308,
            124,
            -1,
            4,
            42,
            127,
            167,
            140,
            181
          ],
          "warnings": [
            113,
            2,
            100,
            157,
            344,
            0,
            107,
            101,
            -1,
            4,
            188,
            326,
            40,
            362,
            7,
            67,
            45,
            254,
            120,
            251,
            257,
            353,
            341
          ],
          "safe": [
            133,
            152,
            167,
            150,
            106,
            -1,
            188,
            354,
            172,
            326,
            144,
            290
          ],
          "conflicts": []
        },
        "DAOConstantGas": {
          "violations": [
            0,
            324
          ],
          "warnings": [],
          "safe": [],
          "conflicts": []
        },
        "UnrestrictedEtherFlow": {
          "violations": [],
          "warnings": [
            0,
            324,
            108,
            301,
            290
          ],
          "safe": [
            301,
            134,
            -1,
            113,
            308
          ],
          "conflicts": []
        }
      }
    },
    "/data/dfcff235a68ed9e30d861081b16ab44e.sol:SafeMath": {
      "results": {
        "TODReceiver": {
          "violations": [],
          "warnings": [],
          "safe": [
            -1
          ],
          "conflicts": []
        },
        "UnhandledException": {
          "violations": [],
          "warnings": [
            -1
          ],
          "safe": [],
          "conflicts": []
        },
        "TODTransfer": {
          "violations": [],
          "warnings": [
            -1
          ],
          "safe": [],
          "conflicts": []
        },
        "DAO": {
          "violations": [],
          "warnings": [
            -1
          ],
          "safe": [],
          "conflicts": []
        },
        "TODAmount": {
          "violations": [],
          "warnings": [],
          "safe": [
            -1
          ],
          "conflicts": []
        },
        "MissingInputValidation": {
          "violations": [],
          "warnings": [],
          "safe": [],
          "conflicts": []
        },
        "DAOConstantGas": {
          "violations": [],
          "warnings": [],
          "safe": [],
          "conflicts": []
        },
        "UnrestrictedEtherFlow": {
          "violations": [],
          "warnings": [],
          "safe": [
            -1
          ],
          "conflicts": []
        }
      }
    },
    "/data/dfcff235a68ed9e30d861081b16ab44e.sol:TRMToken": {
      "results": {
        "TODReceiver": {
          "violations": [
            430,
            153
          ],
          "warnings": [],
          "safe": [
            362,
            2,
            113,
            308
          ],
          "conflicts": []
        },
        "UnhandledException": {
          "violations": [],
          "warnings": [
            362,
            430,
            153,
            181,
            0,
            371,
            2,
            113,
            308
          ],
          "safe": [],
          "conflicts": []
        },
        "TODTransfer": {
          "violations": [],
          "warnings": [
            362,
            2,
            113
          ],
          "safe": [
            308
          ],
          "conflicts": [
            430,
            153
          ]
        },
        "DAO": {
          "violations": [],
          "warnings": [
            362,
            2,
            113,
            308
          ],
          "safe": [],
          "conflicts": []
        },
        "TODAmount": {
          "violations": [
            430
          ],
          "warnings": [
            153
          ],
          "safe": [
            362,
            2,
            113,
            308
          ],
          "conflicts": []
        },
        "MissingInputValidation": {
          "violations": [
            462,
            315,
            1,
            106,
            2,
            0,
            374,
            435,
            127,
            140,
            430,
            181,
            381,
            157,
            167,
            378
          ],
          "warnings": [
            371,
            202,
            353,
            462,
            157,
            0,
            181,
            257,
            254,
            401,
            251,
            45,
            120,
            67,
            376,
            373,
            7,
            40,
            374,
            341,
            372,
            362
          ],
          "safe": [
            378,
            0,
            450,
            254,
            127,
            106,
            290,
            211,
            144,
            421
          ],
          "conflicts": []
        },
        "DAOConstantGas": {
          "violations": [
            430,
            153
          ],
          "warnings": [],
          "safe": [],
          "conflicts": []
        },
        "UnrestrictedEtherFlow": {
          "violations": [],
          "warnings": [
            430,
            153,
            181,
            0,
            371
          ],
          "safe": [
            362,
            2,
            113,
            308
          ],
          "conflicts": []
        }
      }
    },
    "/data/dfcff235a68ed9e30d861081b16ab44e.sol:ContractReceiver": {
      "results": {
        "TODReceiver": {
          "violations": [],
          "warnings": [],
          "safe": [
            -1
          ],
          "conflicts": []
        },
        "UnhandledException": {
          "violations": [],
          "warnings": [
            -1
          ],
          "safe": [],
          "conflicts": []
        },
        "TODTransfer": {
          "violations": [],