{
  "contract": "5a0047bbbe160a7ee2e7ed16afb5c26d",
  "tool": "securify",
  "start": 1646188259.8658557,
  "end": 1646188906.6427338,
  "duration": 646.776878118515,
  "analysis": {
    "/data/5a0047bbbe160a7ee2e7ed16afb5c26d.sol:ShortOrder": {
      "results": {
        "TODReceiver": {
          "violations": [],
          "warnings": [
            273,
            181,
            211,
            212,
            297
          ],
          "safe": [
            221
          ],
          "conflicts": []
        },
        "UnhandledException": {
          "violations": [],
          "warnings": [
            268,
            273,
            384,
            166,
            316,
            367,
            145,
            178,
            181,
            350,
            333,
            201,
            221,
            211,
            212,
            292,
            297
          ],
          "safe": [],
          "conflicts": []
        },
        "TODTransfer": {
          "violations": [],
          "warnings": [
            273,
            181,
            221,
            211,
            297
          ],
          "safe": [
            212
          ],
          "conflicts": []
        },
        "DAO": {
          "violations": [],
          "warnings": [
            212
          ],
          "safe": [],
          "conflicts": []
        },
        "TODAmount": {
          "violations": [],
          "warnings": [],
          "safe": [
            273,
            181,
            221,
            211,
            212,
            297
          ],
          "conflicts": []
        },
        "MissingInputValidation": {
          "violations": [
            254,
            371,
            152,
            303,
            404,
            354,
            131,
            175,
            100,
            337,
            320,
            187,
            278
          ],
          "warnings": [
            49,
            388,
            54,
            59,
            42
          ],
          "safe": [],
          "conflicts": []
        },
        "DAOConstantGas": {
          "violations": [
            273,
            181
          ],
          "warnings": [
            221,
            211,
            297
          ],
          "safe": [],
          "conflicts": []
        },
        "UnrestrictedEtherFlow": {
          "violations": [],
          "warnings": [
            268,
            273,
            384,
            166,
            316,
            367,
            145,
            178,
            350,
            333,
            201,
            292
          ],
          "safe": [
            181,
            221,
            211,
            212,
            297
          ],
          "conflicts": []
        }
      }
    },
    "/data/5a0047bbbe160a7ee2e7ed16afb5c26d.sol:Token": {
      "results": {
        "TODReceiver": {
          "violations": [],
          "warnings": [
            -1
          ],
          "safe": [
            -1
          ],
          "conflicts": []
        },
        "UnhandledException": {
          "violations": [],
          "warnings": [
            -1
          ],
          "safe": [],
          "conflicts": []
        },
        "TODTransfer": {
          "violations": [],
          "warnings": [
            -1
          ],
          "safe": [
            -1
          ],
          "conflicts": []
        },
        "DAO": {
          "violations": [],
          "warnings": [
            -1
          ],
          "safe": [],
          "conflicts": []
        },
        "TODAmount": {
          "violations": [],
          "warnings": [],
          "safe": [
            -1
          ],
          "conflicts": []
        },
        "MissingInputValidation": {
          "violations": [],
          "warnings": [],
          "safe": [],
          "conflicts": []
        },
        "DAOConstantGas": {
          "violations": [
            -1
          ],
          "warnings": [
            -1
          ],
          "safe": [],
          "conflicts": []
        },
        "UnrestrictedEtherFlow": {
          "violations": [],
          "warnings": [
            -1
          ],
          "safe": [
            -1
          ],
          "conflicts": []
        }
      }
    },
    "/data/5a0047bbbe160a7ee2e7ed16afb5c26d.sol:SafeMath": {
      "results": {
        "TODReceiver": {
          "violations": [],
          "warnings": [],
          "safe": [],
          "conflicts": []
        },
        "UnhandledException": {
          "violations": [],
          "warnings": [],
          "safe": [],
          "conflicts": []
        },
        "TODTransfer": {
          "violations": [],
          "warnings": [],
          "safe": [],
          "conflicts": []
        },
        "DAO": {
          "violations": [],
          "warnings": [],
          "safe": [],
          "conflicts": []
        },
        "TODAmount": {
          "violations": [],
          "warnings": [],
          "safe": [],
          "conflicts": []
        },
        "MissingInputValidation": {
          "violations": [],
          "warnings": [],
          "safe": [],
          "conflicts": []
        },
        "DAOConstantGas": {
          "violations": [],
          "warnings": [],
          "safe": [],
          "conflicts": []
        },
        "UnrestrictedEtherFlow": {
          "violations": [],
          "warnings": [],
          "safe": [],
          "conflicts": []
        }
      }
    }
  }
}