{
  "contract": "4e52186fc70d262a8b53199250547300",
  "tool": "securify",
  "start": 1645813534.4915142,
  "end": 1645813810.2643466,
  "duration": 275.77283239364624,
  "analysis": {
    "/data/4e52186fc70d262a8b53199250547300.sol:YesNo": {
      "results": {
        "TODReceiver": {
          "violations": [],
          "warnings": [],
          "safe": [
            181,
            183,
            189,
            193,
            190,
            184,
            194,
            185
          ],
          "conflicts": []
        },
        "UnhandledException": {
          "violations": [],
          "warnings": [
            175,
            176,
            201,
            181,
            183,
            189,
            193,
            190,
            184,
            194,
            185
          ],
          "safe": [],
          "conflicts": []
        },
        "TODTransfer": {
          "violations": [],
          "warnings": [
            181,
            183,
            189,
            193,
            184
          ],
          "safe": [
            190,
            194,
            185
          ],
          "conflicts": []
        },
        "DAO": {
          "violations": [],
          "warnings": [
            183,
            189,
            193,
            184
          ],
          "safe": [],
          "conflicts": []
        },
        "TODAmount": {
          "violations": [],
          "warnings": [],
          "safe": [
            181,
            183,
            189,
            193,
            190,
            184,
            194,
            185
          ],
          "conflicts": []
        },
        "MissingInputValidation": {
          "violations": [
            183,
            201,
            140,
            139,
            176,
            145,
            143,
            180,
            200
          ],
          "warnings": [
            139,
            184,
            140,
            176,
            136,
            183,
            143,
            173,
            150,
            145,
            144,
            6,
            148,
            137,
            147,
            151
          ],
          "safe": [
            206,
            151,
            180
          ],
          "conflicts": []
        },
        "DAOConstantGas": {
          "violations": [],
          "warnings": [
            181,
            190,
            194,
            185
          ],
          "safe": [],
          "conflicts": []
        },
        "UnrestrictedEtherFlow": {
          "violations": [],
          "warnings": [
            175,
            176,
            201
          ],
          "safe": [
            181,
            183,
            189,
            193,
            190,
            184,
            194,
            185
          ],
          "conflicts": []
        }
      }
    },
    "/data/4e52186fc70d262a8b53199250547300.sol:ReserveToken": {
      "results": {
        "TODReceiver": {
          "violations": [],
          "warnings": [],
          "safe": [],
          "conflicts": []
        },
        "UnhandledException": {
          "violations": [],
          "warnings": [],
          "safe": [],
          "conflicts": []
        },
        "TODTransfer": {
          "violations": [],
          "warnings": [],
          "safe": [],
          "conflicts": []
        },
        "DAO": {
          "violations": [],
          "warnings": [],
          "safe": [],
          "conflicts": []
        },
        "TODAmount": {
          "violations": [],
          "warnings": [],
          "safe": [],
          "conflicts": []
        },
        "MissingInputValidation": {
          "violations": [
            99,
            126,
            89,
            121,
            93,
            77
          ],
          "warnings": [
            107,
            12,
            113,
            115,
            112,
            114,
            17
          ],
          "safe": [
            64
          ],
          "conflicts": []
        },
        "DAOConstantGas": {
          "violations": [],
          "warnings": [],
          "safe": [],
          "conflicts": []
        },
        "UnrestrictedEtherFlow": {
          "violations": [],
          "warnings": [],
          "safe": [],
          "conflicts": []
        }
      }
    },
    "/data/4e52186fc70d262a8b53199250547300.sol:Token": {
      "results": {
        "TODReceiver": {
          "violations": [],
          "warnings": [],
          "safe": [],
          "conflicts": []
        },
        "UnhandledException": {
          "violations": [],
          "warnings": [],
          "safe": [],
          "conflicts": []
        },
        "TODTransfer": {
          "violations": [],
          "warnings": [],
          "safe": [],
          "conflicts": []
        },
        "DAO": {
          "violations": [],
          "warnings": [],
          "safe": [],
          "conflicts": []
        },
        "TODAmount": {
          "violations": [],
          "warnings": [],
          "safe": [],
          "conflicts": []
        },
        "MissingInputValidation": {
          "violations": [],
          "warnings": [],
          "safe": [],
          "conflicts": []
        },
        "DAOConstantGas": {
          "violations": [],
          "warnings": [],
          "safe": [],
          "conflicts": []
        },
        "UnrestrictedEtherFlow": {
          "violations": [],
          "warnings": [],
          "safe": [],
          "conflicts": []
        }
      }
    },
    "/data/4e52186fc70d262a8b53199250547300.sol:SafeMath": {
      "results": {
        "TODReceiver": {
          "violations": [],
          "warnings": [],
          "safe": [],
          "conflicts": []
        },
        "UnhandledException": {
          "violations": [],
          "warnings": [],
          "safe": [],
          "conflicts": []
        },
        "TODTransfer": {
          "violations": [],
          "warnings": [],
          "safe": [],
          "conflicts": []
        },
        "DAO": {
          "violations": [],
          "warnings": [],
          "safe": [],
          "conflicts": []
        },
        "TODAmount": {
          "violations": [],
          "warnings": [],
          "safe": [],
          "conflicts": []
        },
        "MissingInputValidation": {
          "violations": [],
          "warnings": [],
          "safe": [],
          "conflicts": []
        },
        "DAOConstantGas": {
          "violations": [],
          "warnings": [],
          "safe": [],
          "conflicts": []
        },
        "UnrestrictedEtherFlow": {
          "violations": [],
          "warnings": [],
          "safe": [],
          "conflicts": []
        }
      }
    },
    "/data/4e52186fc70d262a8b53199250547300.sol:StandardToken": {
      "results": {
        "TODReceiver": {
          "violations": [],
          "warnings": [],
          "safe": [],
          "conflicts": []
        },
        "UnhandledException": {
          "violations": [],
          "warnings": [],
          "safe": [],
          "conflicts": []
        },
        "TODTransfer": {
          "violations": [],
          "warnings": [],
          "safe": [],
          "conflicts": []
        },
        "DAO": {
          "violations": [],
          "warnings": [],
          "safe": [],
          "conflicts": []
        },
        "TODAmount": {
          "violations": [],
          "warnings": [],
          "safe": [],
          "conflicts": []
        },
        "MissingInputValidation": {
          "violations": [
            -1,
            100,
            93,
            77,
            89,
            99
          ],
          "warnings": [
            -1,
            64,
            68,
            107
          ],
          "safe": [
            -1,
            64
          ],
          "conflicts": []
        },