{
  "contract": "0f2e0976b5b626753eb931dc5a47d6ab",
  "tool": "securify",
  "start": 1646118010.8338635,
  "end": 1646118139.7570033,
  "duration": 128.92313981056213,
  "analysis": {
    "/data/0f2e0976b5b626753eb931dc5a47d6ab.sol:MultipleArbitrableTransaction": {
      "results": {
        "TODReceiver": {
          "violations": [],
          "warnings": [
            972,
            1134
          ],
          "safe": [
            1082,
            1096,
            1276,
            1008,
            952,
            982,
            1336,
            1340,
            1346,
            1348
          ],
          "conflicts": []
        },
        "UnhandledException": {
          "violations": [
            972,
            1134,
            1336,
            1340,
            1346,
            1348
          ],
          "warnings": [
            1058,
            1,
            1004,
            946,
            1082,
            1096,
            976,
            1134,
            1276,
            1008,
            952,
            982
          ],
          "safe": [],
          "conflicts": []
        },
        "TODTransfer": {
          "violations": [],
          "warnings": [
            1082,
            1096
          ],
          "safe": [],
          "conflicts": [
            972,
            1134,
            1276,
            1008,
            952,
            982,
            1336,
            1340,
            1346,
            1348
          ]
        },
        "DAO": {
          "violations": [],
          "warnings": [
            1082,
            1096,
            1276
          ],
          "safe": [],
          "conflicts": []
        },
        "TODAmount": {
          "violations": [],
          "warnings": [
            952,
            982
          ],
          "safe": [
            1082,
            972,
            1096,
            1134,
            1276,
            1008,
            1336,
            1340,
            1346,
            1348
          ],
          "conflicts": []
        },
        "MissingInputValidation": {
          "violations": [],
          "warnings": [],
          "safe": [],
          "conflicts": []
        },
        "DAOConstantGas": {
          "violations": [
            1008,
            952,
            982,
            1336
          ],
          "warnings": [
            972,
            1134
          ],
          "safe": [
            1340,
            1346,
            1348
          ],
          "conflicts": []
        },
        "UnrestrictedEtherFlow": {
          "violations": [],
          "warnings": [
            1058,
            1,
            1004,
            946,
            972,
            976,
            1134,
            1082,
            952,
            982,
            1336,
            1340,
            1346,
            1348
          ],
          "safe": [
            1082,
            1096,
            1276,
            1008
          ],
          "conflicts": []
        }
      }
    },
    "/data/0f2e0976b5b626753eb931dc5a47d6ab.sol:Arbitrator": {
      "results": {
        "TODReceiver": {
          "violations": [],
          "warnings": [
            -1
          ],
          "safe": [
            -1
          ],
          "conflicts": []
        },
        "UnhandledException": {
          "violations": [
            -1
          ],
          "warnings": [
            -1
          ],
          "safe": [],
          "conflicts": []
        },
        "TODTransfer": {
          "violations": [],
          "warnings": [
            -1
          ],
          "safe": [],
          "conflicts": [
            -1
          ]
        },
        "DAO": {
          "violations": [],
          "warnings": [
            -1
          ],
          "safe": [],
          "conflicts": []
        },
        "TODAmount": {
          "violations": [],
          "warnings": [],
          "safe": [
            -1
          ],
          "conflicts": []
        },
        "MissingInputValidation": {
          "violations": [],
          "warnings": [],
          "safe": [],
          "conflicts": []
        },
        "DAOConstantGas": {
          "violations": [],
          "warnings": [
            -1
          ],
          "safe": [],
          "conflicts": []
        },
        "UnrestrictedEtherFlow": {
          "violations": [],
          "warnings": [
            -1
          ],
          "safe": [
            -1
          ],
          "conflicts": []
        }
      }
    },
    "/data/0f2e0976b5b626753eb931dc5a47d6ab.sol:IArbitrable": {
      "results": {
        "TODReceiver": {
          "violations": [],
          "warnings": [
            -1
          ],
          "safe": [
            -1
          ],
          "conflicts": []
        },
        "UnhandledException": {
          "violations": [
            -1
          ],
          "warnings": [
            -1
          ],
          "safe": [],
          "conflicts": []
        },
        "TODTransfer": {
          "violations": [],
          "warnings": [
            -1
          ],
          "safe": [],
          "conflicts": [
            -1
          ]
        },
        "DAO": {
          "violations": [],
          "warnings": [
            -1
          ],
          "safe": [],
          "conflicts": []
        },
        "TODAmount": {
          "violations": [],
          "warnings": [],
          "safe": [
            -1
          ],
          "conflicts": []
        },
        "MissingInputValidation": {
          "violations": [],
          "warnings": [],
          "safe": [],
          "conflicts": []
        },
        "DAOConstantGas": {
          "violations": [],
          "warnings": [
            -1
          ],
          "safe": [],
          "conflicts": []
        },
        "UnrestrictedEtherFlow": {
          "violations": [],
          "warnings": [
            -1
          ],
          "safe": [
            -1
          ],
          "conflicts": []
        }
      }
    },
    "/data/0f2e0976b5b626753eb931dc5a47d6ab.sol:Arbitrable": {
      "results": {
        "TODReceiver": {
          "violations": [],
          "warnings": [
            -1
          ],
          "safe": [
            -1
          ],
          "conflicts": []
        },
        "UnhandledException": {
          "violations": [
            -1
          ],
          "warnings": [
            -1
          ],
          "safe": [],
          "conflicts": []
        },
        "TODTransfer": {
          "violations": [],
          "warnings": [
            -1
          ],
          "safe": [],
          "conflicts": [
            -1
          ]
        },
        "DAO": {
          "violations": [],
          "warnings": [
            -1
          ],
          "safe": [],
          "conflicts": []
        },
        "TODAmount": {
          "violations": [],
          "warnings": [],
          "safe": [
            -1
          ],
          "conflicts": []
        },
        "MissingInputValidation": {
          "violations": [],
          "warnings": [],
          "safe": [],
          "conflicts": []
        },
        "DAOConstantGas": {
          "violations": [],
          "warnings": [
            -1
          ],
          "safe": [],
          "conflicts": []
        },
        "UnrestrictedEtherFlow": {
          "violations": [],
          "warnings": [
            -1
          ],
          "safe": [
            -1
          ],
          "conflicts": []
        }
      }
    },
    "/data/0f2e0976b5b626753eb931dc5a47d6ab.sol:CentralizedArbitrator": {
      "results": {
        "TODReceiver": {
          "violations": [],
          "warnings": [
            -1,
            332
          ],
          "safe": [
            -1
          ],
          "conflicts": []
        },
        "UnhandledException": {
          "violations": [
            -1,
            332
          ],