{
  "contract": "2e8d1bcc8a6de4ef7e753ed7f2a5f09d",
  "tool": "securify",
  "start": 1645644317.524418,
  "end": 1645645039.2376723,
  "duration": 721.7132542133331,
  "analysis": {
    "/data/2e8d1bcc8a6de4ef7e753ed7f2a5f09d.sol:TokenMaker": {
      "results": {}
    },
    "/data/2e8d1bcc8a6de4ef7e753ed7f2a5f09d.sol:ERC223Token": {
      "results": {
        "TODReceiver": {
          "violations": [],
          "warnings": [],
          "safe": [
            -1,
            2,
            568,
            454
          ],
          "conflicts": []
        },
        "UnhandledException": {
          "violations": [],
          "warnings": [
            550,
            10,
            -1,
            2,
            568,
            454
          ],
          "safe": [],
          "conflicts": []
        },
        "TODTransfer": {
          "violations": [],
          "warnings": [
            -1,
            2,
            568,
            454
          ],
          "safe": [],
          "conflicts": []
        },
        "DAO": {
          "violations": [],
          "warnings": [
            -1,
            2,
            568,
            454
          ],
          "safe": [],
          "conflicts": []
        },
        "TODAmount": {
          "violations": [],
          "warnings": [],
          "safe": [
            -1,
            2,
            568,
            454
          ],
          "conflicts": []
        },
        "MissingInputValidation": {
          "violations": [
            2,
            496,
            568,
            428,
            458,
            396,
            572,
            476,
            584,
            34,
            426,
            442,
            18,
            582
          ],
          "warnings": [
            434,
            426,
            2,
            562,
            454,
            -1,
            458,
            514,
            442,
            508,
            548,
            466,
            428,
            22,
            506,
            550,
            34,
            384,
            378,
            432,
            430,
            394,
            558,
            522,
            540
          ],
          "safe": [
            2,
            458,
            562,
            496,
            442,
            476
          ],
          "conflicts": []
        },
        "DAOConstantGas": {
          "violations": [],
          "warnings": [],
          "safe": [],
          "conflicts": []
        },
        "UnrestrictedEtherFlow": {
          "violations": [],
          "warnings": [
            550,
            10
          ],
          "safe": [
            -1,
            2,
            568,
            454
          ],
          "conflicts": []
        }
      }
    },
    "/data/2e8d1bcc8a6de4ef7e753ed7f2a5f09d.sol:ERC223": {
      "results": {
        "TODReceiver": {
          "violations": [],
          "warnings": [],
          "safe": [],
          "conflicts": []
        },
        "UnhandledException": {
          "violations": [],
          "warnings": [
            -1
          ],
          "safe": [],
          "conflicts": []
        },
        "TODTransfer": {
          "violations": [],
          "warnings": [],
          "safe": [],
          "conflicts": []
        },
        "DAO": {
          "violations": [],
          "warnings": [],
          "safe": [],
          "conflicts": []
        },
        "TODAmount": {
          "violations": [],
          "warnings": [],
          "safe": [],
          "conflicts": []
        },
        "MissingInputValidation": {
          "violations": [],
          "warnings": [],
          "safe": [],
          "conflicts": []
        },
        "DAOConstantGas": {
          "violations": [],
          "warnings": [],
          "safe": [],
          "conflicts": []
        },
        "UnrestrictedEtherFlow": {
          "violations": [],
          "warnings": [
            -1
          ],
          "safe": [],
          "conflicts": []
        }
      }
    },
    "/data/2e8d1bcc8a6de4ef7e753ed7f2a5f09d.sol:ContractReceiver": {
      "results": {
        "TODReceiver": {
          "violations": [],
          "warnings": [],
          "safe": [],
          "conflicts": []
        },
        "UnhandledException": {
          "violations": [],
          "warnings": [],
          "safe": [],
          "conflicts": []
        },
        "TODTransfer": {
          "violations": [],
          "warnings": [],
          "safe": [],
          "conflicts": []
        },
        "DAO": {
          "violations": [],
          "warnings": [],
          "safe": [],
          "conflicts": []
        },
        "TODAmount": {
          "violations": [],
          "warnings": [],
          "safe": [],
          "conflicts": []
        },
        "MissingInputValidation": {
          "violations": [
            316
          ],
          "warnings": [
            298
          ],
          "safe": [],
          "conflicts": []
        },
        "DAOConstantGas": {
          "violations": [],
          "warnings": [],
          "safe": [],
          "conflicts": []
        },
        "UnrestrictedEtherFlow": {
          "violations": [],
          "warnings": [],
          "safe": [],
          "conflicts": []
        }
      }
    },
    "/data/2e8d1bcc8a6de4ef7e753ed7f2a5f09d.sol:ERC20StandardToken": {
      "results": {
        "TODReceiver": {
          "violations": [],
          "warnings": [],
          "safe": [],
          "conflicts": []
        },
        "UnhandledException": {
          "violations": [],
          "warnings": [
            170
          ],
          "safe": [],
          "conflicts": []
        },
        "TODTransfer": {
          "violations": [],
          "warnings": [],
          "safe": [],
          "conflicts": []
        },
        "DAO": {
          "violations": [],
          "warnings": [],
          "safe": [],
          "conflicts": []
        },
        "TODAmount": {
          "violations": [],
          "warnings": [],
          "safe": [],
          "conflicts": []
        },
        "MissingInputValidation": {
          "violations": [
            194,
            128,
            112,
            144,
            104,
            180,
            156
          ],
          "warnings": [
            128,
            194,
            228,
            242,
            198,
            34,
            14,
            196,
            200,
            192
          ],
          "safe": [],
          "conflicts": []
        },
        "DAOConstantGas": {
          "violations": [],
          "warnings": [],
          "safe": [],
          "conflicts": []
        },
        "UnrestrictedEtherFlow": {
          "violations": [],
          "warnings": [
            170
          ],
          "safe": [],
          "conflicts": []
        }
      }
    },
    "/data/2e8d1bcc8a6de4ef7e753ed7f2a5f09d.sol:ERC223Ownable": {
      "results": {
        "TODReceiver": {
          "violations": [],
          "warnings": [],
          "safe": [],
          "conflicts": []
        },
        "UnhandledException": {
          "violations": [],
          "warnings": [
            -1
          ],
          "safe": [],
          "conflicts": []
        },
        "TODTransfer": {
          "violations": [],
          "warnings": [],
          "safe": [],
          "conflicts": []
        },
        "DAO": {
          "violations": [],
          "warnings": [],
          "safe": [],
          "conflicts": []
        },
        "TODAmount": {
          "violations": [],
          "warnings": [],
          "safe": [],
          "conflicts": []
        },
        "MissingInputValidation": {
          "violations": [
            278,
            -1
          ],
          "warnings": [
            -1,
            264,
            284
          ],
          "safe": [],
          "conflicts": []
        },