{
  "contract": "d53c5dc8feb3df7597b5d4558da809b0",
  "tool": "securify",
  "start": 1646109248.9952433,
  "end": 1646110250.116963,
  "duration": 1001.1217195987701,
  "analysis": {
    "/data/d53c5dc8feb3df7597b5d4558da809b0.sol:StandardToken": {
      "results": {
        "TODReceiver": {
          "violations": [],
          "warnings": [],
          "safe": [
            -1,
            233,
            172
          ],
          "conflicts": []
        },
        "UnhandledException": {
          "violations": [],
          "warnings": [
            -1,
            233,
            172
          ],
          "safe": [],
          "conflicts": []
        },
        "TODTransfer": {
          "violations": [],
          "warnings": [
            -1,
            233,
            172
          ],
          "safe": [],
          "conflicts": []
        },
        "DAO": {
          "violations": [],
          "warnings": [
            -1,
            233,
            172
          ],
          "safe": [],
          "conflicts": []
        },
        "TODAmount": {
          "violations": [],
          "warnings": [],
          "safe": [
            -1,
            233,
            172
          ],
          "conflicts": []
        },
        "MissingInputValidation": {
          "violations": [
            147,
            116,
            182,
            172,
            119,
            5,
            148,
            129,
            233,
            -1,
            93,
            229,
            157,
            170,
            20,
            153,
            87,
            141,
            152,
            146,
            238,
            110
          ],
          "warnings": [
            147,
            234,
            159,
            119,
            4,
            228,
            -1,
            220,
            152,
            92,
            171,
            91,
            88,
            172,
            157,
            12,
            153,
            129,
            106,
            14,
            19,
            54,
            218,
            208,
            8
          ],
          "safe": [
            148,
            173,
            147,
            159,
            106,
            4,
            -1,
            172,
            223,
            221,
            89,
            0,
            165,
            194,
            182
          ],
          "conflicts": []
        },
        "DAOConstantGas": {
          "violations": [],
          "warnings": [],
          "safe": [],
          "conflicts": []
        },
        "UnrestrictedEtherFlow": {
          "violations": [],
          "warnings": [],
          "safe": [
            -1,
            233,
            172
          ],
          "conflicts": []
        }
      }
    },
    "/data/d53c5dc8feb3df7597b5d4558da809b0.sol:BurnableToken": {
      "results": {
        "TODReceiver": {
          "violations": [],
          "warnings": [],
          "safe": [
            233,
            172
          ],
          "conflicts": []
        },
        "UnhandledException": {
          "violations": [],
          "warnings": [
            233,
            172
          ],
          "safe": [],
          "conflicts": []
        },
        "TODTransfer": {
          "violations": [],
          "warnings": [
            233,
            172
          ],
          "safe": [],
          "conflicts": []
        },
        "DAO": {
          "violations": [],
          "warnings": [
            233,
            172
          ],
          "safe": [],
          "conflicts": []
        },
        "TODAmount": {
          "violations": [],
          "warnings": [],
          "safe": [
            233,
            172
          ],
          "conflicts": []
        },
        "MissingInputValidation": {
          "violations": [
            238,
            129,
            152,
            141,
            110,
            146,
            87
          ],
          "warnings": [
            35,
            14,
            8,
            54,
            45,
            208,
            218,
            228,
            245,
            19
          ],
          "safe": [
            182,
            165,
            194,
            252
          ],
          "conflicts": []
        },
        "DAOConstantGas": {
          "violations": [],
          "warnings": [],
          "safe": [],
          "conflicts": []
        },
        "UnrestrictedEtherFlow": {
          "violations": [],
          "warnings": [],
          "safe": [
            233,
            172
          ],
          "conflicts": []
        }
      }
    },
    "/data/d53c5dc8feb3df7597b5d4558da809b0.sol:MintableToken": {
      "results": {
        "TODReceiver": {
          "violations": [],
          "warnings": [],
          "safe": [
            0,
            147,
            -1,
            220,
            172,
            233
          ],
          "conflicts": []
        },
        "UnhandledException": {
          "violations": [],
          "warnings": [
            0,
            147,
            -1,
            220,
            172,
            233
          ],
          "safe": [],
          "conflicts": []
        },
        "TODTransfer": {
          "violations": [],
          "warnings": [
            0,
            147,
            -1,
            220,
            172,
            233
          ],
          "safe": [],
          "conflicts": []
        },
        "DAO": {
          "violations": [],
          "warnings": [
            0,
            147,
            -1,
            220,
            172,
            233
          ],
          "safe": [],
          "conflicts": []
        },
        "TODAmount": {
          "violations": [],
          "warnings": [],
          "safe": [
            0,
            147,
            -1,
            220,
            172,
            233
          ],
          "conflicts": []
        },
        "MissingInputValidation": {
          "violations": [
            14,
            165,
            110,
            306,
            155,
            254,
            274,
            147,
            298,
            9,
            92,
            16,
            152,
            87,
            129,
            146,
            238,
            141
          ],
          "warnings": [
            298,
            41,
            112,
            165,
            277,
            46,
            11,
            47,
            16,
            142,
            110,
            153,
            -1,
            148,
            230,
            154,
            8,
            14,
            306,
            218,
            19,
            45,
            54,
            35,
            228,
            274,
            270,
            208
          ],
          "safe": [
            41,
            200,
            298,
            112,
            172,
            308,
            233,
            155,
            171,
            165,
            182,
            287,
            194,
            252
          ],
          "conflicts": []
        },
        "DAOConstantGas": {
          "violations": [],
          "warnings": [],
          "safe": [],
          "conflicts": []
        },
        "UnrestrictedEtherFlow": {
          "violations": [],
          "warnings": [],
          "safe": [
            0,
            147,
            -1,
            220,
            172,
            233
          ],
          "conflicts": []
        }
      }
    },
    "/data/d53c5dc8feb3df7597b5d4558da809b0.sol:ERC20Interface": {
      "results": {
        "TODReceiver": {
          "violations": [],
          "warnings": [],
          "safe": [
            -1
          ],
          "conflicts": []
        },
        "UnhandledException": {
          "violations": [],
          "warnings": [
            -1
          ],
          "safe": [],