{
  "contract": "534748b01e9a61509c9da3a7001200d8",
  "tool": "securify",
  "start": 1645656323.4272866,
  "end": 1645657006.8412747,
  "duration": 683.4139881134033,
  "analysis": {
    "/data/534748b01e9a61509c9da3a7001200d8.sol:GGToken": {
      "results": {
        "TODReceiver": {
          "violations": [],
          "warnings": [],
          "safe": [
            187,
            314,
            119
          ],
          "conflicts": []
        },
        "UnhandledException": {
          "violations": [],
          "warnings": [
            187,
            436,
            314,
            119
          ],
          "safe": [],
          "conflicts": []
        },
        "TODTransfer": {
          "violations": [],
          "warnings": [
            187,
            119
          ],
          "safe": [
            314
          ],
          "conflicts": []
        },
        "DAO": {
          "violations": [],
          "warnings": [
            187,
            314,
            119
          ],
          "safe": [],
          "conflicts": []
        },
        "TODAmount": {
          "violations": [],
          "warnings": [],
          "safe": [
            187,
            314,
            119
          ],
          "conflicts": []
        },
        "MissingInputValidation": {
          "violations": [
            378,
            450,
            187,
            0,
            133,
            173,
            384,
            146,
            163,
            387,
            445,
            478
          ],
          "warnings": [
            158,
            156,
            450,
            412,
            39,
            126,
            379,
            377,
            380,
            368,
            382,
            66,
            378,
            208,
            347,
            11,
            257,
            359,
            431,
            263,
            44,
            260
          ],
          "safe": [
            384,
            0,
            445,
            465,
            296,
            150,
            436,
            112,
            217,
            450,
            106
          ],
          "conflicts": []
        },
        "DAOConstantGas": {
          "violations": [],
          "warnings": [],
          "safe": [],
          "conflicts": []
        },
        "UnrestrictedEtherFlow": {
          "violations": [],
          "warnings": [
            436
          ],
          "safe": [
            187,
            314,
            119
          ],
          "conflicts": []
        }
      }
    },
    "/data/534748b01e9a61509c9da3a7001200d8.sol:UpgradeableToken": {
      "results": {
        "TODReceiver": {
          "violations": [],
          "warnings": [],
          "safe": [
            176,
            -1,
            257,
            119,
            314
          ],
          "conflicts": []
        },
        "UnhandledException": {
          "violations": [],
          "warnings": [
            176,
            347,
            -1,
            257,
            119,
            314
          ],
          "safe": [],
          "conflicts": []
        },
        "TODTransfer": {
          "violations": [],
          "warnings": [
            176,
            -1,
            257,
            119
          ],
          "safe": [
            -1,
            314
          ],
          "conflicts": []
        },
        "DAO": {
          "violations": [],
          "warnings": [
            176,
            -1,
            257,
            119,
            314
          ],
          "safe": [],
          "conflicts": []
        },
        "TODAmount": {
          "violations": [],
          "warnings": [],
          "safe": [
            176,
            -1,
            257,
            119,
            314
          ],
          "conflicts": []
        },
        "MissingInputValidation": {
          "violations": [
            139,
            163,
            177,
            178,
            140,
            332,
            -1,
            198,
            146,
            156,
            0,
            350,
            158,
            133,
            187,
            173
          ],
          "warnings": [
            116,
            115,
            119,
            163,
            -1,
            0,
            113,
            339,
            179,
            114,
            359,
            11,
            126,
            257,
            368,
            39,
            260,
            347,
            44,
            66,
            263
          ],
          "safe": [
            158,
            112,
            139,
            307,
            341,
            41,
            2,
            119,
            -1,
            194,
            140,
            156,
            106,
            296,
            150
          ],
          "conflicts": []
        },
        "DAOConstantGas": {
          "violations": [],
          "warnings": [],
          "safe": [],
          "conflicts": []
        },
        "UnrestrictedEtherFlow": {
          "violations": [],
          "warnings": [
            347
          ],
          "safe": [
            176,
            -1,
            257,
            119,
            314
          ],
          "conflicts": []
        }
      }
    },
    "/data/534748b01e9a61509c9da3a7001200d8.sol:UpgradeAgent": {
      "results": {
        "TODReceiver": {
          "violations": [],
          "warnings": [],
          "safe": [
            -1
          ],
          "conflicts": []
        },
        "UnhandledException": {
          "violations": [],
          "warnings": [
            -1
          ],
          "safe": [],
          "conflicts": []
        },
        "TODTransfer": {
          "violations": [],
          "warnings": [
            -1
          ],
          "safe": [
            -1
          ],
          "conflicts": []
        },
        "DAO": {
          "violations": [],
          "warnings": [
            -1
          ],
          "safe": [],
          "conflicts": []
        },
        "TODAmount": {
          "violations": [],
          "warnings": [],
          "safe": [
            -1
          ],
          "conflicts": []
        },
        "MissingInputValidation": {
          "violations": [],
          "warnings": [],
          "safe": [],
          "conflicts": []
        },
        "DAOConstantGas": {
          "violations": [],
          "warnings": [],
          "safe": [],
          "conflicts": []
        },
        "UnrestrictedEtherFlow": {
          "violations": [],
          "warnings": [
            -1
          ],
          "safe": [
            -1
          ],
          "conflicts": []
        }
      }
    },
    "/data/534748b01e9a61509c9da3a7001200d8.sol:BurnableToken": {
      "results": {
        "TODReceiver": {
          "violations": [],
          "warnings": [],
          "safe": [
            119
          ],
          "conflicts": []
        },
        "UnhandledException": {
          "violations": [],
          "warnings": [
            119
          ],
          "safe": [],
          "conflicts": []
        },
        "TODTransfer": {
          "violations": [],
          "warnings": [
            119
          ],
          "safe": [],
          "conflicts": []
        },
        "DAO": {
          "violations": [],
          "warnings": [
            119
          ],
          "safe": [],
          "conflicts": []
        },
        "TODAmount": {
          "violations": [],
          "warnings": [],
          "safe": [
            119
          ],
          "conflicts": []
        },
        "MissingInputValidation": {
          "violations": [
            146,
            133,
            163,
            187,
            173
          ],
          "warnings": [
            126,
            208,
            66,
            44,
            39,
            11
          ],