{
  "contract": "0d3dced3499277c98488691463ad8e22",
  "tool": "securify",
  "start": 1646262843.6816318,
  "end": 1646263248.6333003,
  "duration": 404.95166850090027,
  "analysis": {
    "/data/0d3dced3499277c98488691463ad8e22.sol:PlayerBook": {
      "results": {
        "TODReceiver": {
          "violations": [],
          "warnings": [],
          "safe": [
            808,
            818,
            1188,
            1190,
            1192,
            1194
          ],
          "conflicts": []
        },
        "UnhandledException": {
          "violations": [],
          "warnings": [
            706,
            712,
            808,
            818,
            1188,
            1190,
            1192,
            1194,
            656,
            666
          ],
          "safe": [],
          "conflicts": []
        },
        "TODTransfer": {
          "violations": [],
          "warnings": [
            818
          ],
          "safe": [
            808,
            1188,
            1190,
            1192,
            1194
          ],
          "conflicts": []
        },
        "DAO": {
          "violations": [],
          "warnings": [
            818,
            1188,
            1190,
            1192,
            1194
          ],
          "safe": [],
          "conflicts": []
        },
        "TODAmount": {
          "violations": [
            808
          ],
          "warnings": [],
          "safe": [
            818,
            1188,
            1190,
            1192,
            1194
          ],
          "conflicts": []
        },
        "MissingInputValidation": {
          "violations": [
            920,
            112,
            110,
            116,
            1166,
            108,
            114,
            1084,
            892,
            98,
            102,
            876,
            1200,
            100,
            948,
            906
          ],
          "warnings": [
            680,
            772,
            734,
            104,
            836,
            96,
            934,
            106,
            1288,
            314
          ],
          "safe": [
            458,
            538,
            388,
            1012,
            634
          ],
          "conflicts": []
        },
        "DAOConstantGas": {
          "violations": [],
          "warnings": [
            808
          ],
          "safe": [],
          "conflicts": []
        },
        "UnrestrictedEtherFlow": {
          "violations": [],
          "warnings": [
            706,
            712,
            656,
            666
          ],
          "safe": [
            808,
            818,
            1188,
            1190,
            1192,
            1194
          ],
          "conflicts": []
        }
      }
    },
    "/data/0d3dced3499277c98488691463ad8e22.sol:SafeMath": {
      "results": {
        "TODReceiver": {
          "violations": [],
          "warnings": [],
          "safe": [
            -1
          ],
          "conflicts": []
        },
        "UnhandledException": {
          "violations": [],
          "warnings": [
            -1
          ],
          "safe": [],
          "conflicts": []
        },
        "TODTransfer": {
          "violations": [],
          "warnings": [
            -1
          ],
          "safe": [
            -1
          ],
          "conflicts": []
        },
        "DAO": {
          "violations": [],
          "warnings": [
            -1
          ],
          "safe": [],
          "conflicts": []
        },
        "TODAmount": {
          "violations": [
            -1
          ],
          "warnings": [],
          "safe": [
            -1
          ],
          "conflicts": []
        },
        "MissingInputValidation": {
          "violations": [],
          "warnings": [],
          "safe": [],
          "conflicts": []
        },
        "DAOConstantGas": {
          "violations": [],
          "warnings": [
            -1
          ],
          "safe": [],
          "conflicts": []
        },
        "UnrestrictedEtherFlow": {
          "violations": [],
          "warnings": [
            -1
          ],
          "safe": [
            -1
          ],
          "conflicts": []
        }
      }
    },
    "/data/0d3dced3499277c98488691463ad8e22.sol:PlayerBookReceiverInterface": {
      "results": {
        "TODReceiver": {
          "violations": [],
          "warnings": [],
          "safe": [
            -1
          ],
          "conflicts": []
        },
        "UnhandledException": {
          "violations": [],
          "warnings": [
            -1
          ],
          "safe": [],
          "conflicts": []
        },
        "TODTransfer": {
          "violations": [],
          "warnings": [
            -1
          ],
          "safe": [
            -1
          ],
          "conflicts": []
        },
        "DAO": {
          "violations": [],
          "warnings": [
            -1
          ],
          "safe": [],
          "conflicts": []
        },
        "TODAmount": {
          "violations": [
            -1
          ],
          "warnings": [],
          "safe": [
            -1
          ],
          "conflicts": []
        },
        "MissingInputValidation": {
          "violations": [],
          "warnings": [],
          "safe": [],
          "conflicts": []
        },
        "DAOConstantGas": {
          "violations": [],
          "warnings": [
            -1
          ],
          "safe": [],
          "conflicts": []
        },
        "UnrestrictedEtherFlow": {
          "violations": [],
          "warnings": [
            -1
          ],
          "safe": [
            -1
          ],
          "conflicts": []
        }
      }
    },
    "/data/0d3dced3499277c98488691463ad8e22.sol:NameFilter": {
      "results": {
        "TODReceiver": {
          "violations": [],
          "warnings": [],
          "safe": [],
          "conflicts": []
        },
        "UnhandledException": {
          "violations": [],
          "warnings": [],
          "safe": [],
          "conflicts": []
        },
        "TODTransfer": {
          "violations": [],
          "warnings": [],
          "safe": [],
          "conflicts": []
        },
        "DAO": {
          "violations": [],
          "warnings": [],
          "safe": [],
          "conflicts": []
        },
        "TODAmount": {
          "violations": [],
          "warnings": [],
          "safe": [],
          "conflicts": []
        },
        "MissingInputValidation": {
          "violations": [],
          "warnings": [],
          "safe": [],
          "conflicts": []
        },
        "DAOConstantGas": {
          "violations": [],
          "warnings": [],
          "safe": [],
          "conflicts": []
        },
        "UnrestrictedEtherFlow": {
          "violations": [],
          "warnings": [],
          "safe": [],
          "conflicts": []
        }
      }
    }
  }
}