{
  "contract": "056200717a5b9d6fe0a52d130a1eab70",
  "tool": "securify",
  "start": 1645673478.0932946,
  "end": 1645673840.7978663,
  "duration": 362.704571723938,
  "analysis": {
    "/data/056200717a5b9d6fe0a52d130a1eab70.sol:UpgradeableToken": {
      "results": {
        "TODReceiver": {
          "violations": [
            134,
            251
          ],
          "warnings": [],
          "safe": [
            -1,
            301,
            134,
            113,
            308
          ],
          "conflicts": []
        },
        "UnhandledException": {
          "violations": [],
          "warnings": [
            -1,
            301,
            134,
            251,
            128,
            127,
            113,
            308
          ],
          "safe": [],
          "conflicts": []
        },
        "TODTransfer": {
          "violations": [],
          "warnings": [
            -1,
            301,
            134,
            113
          ],
          "safe": [
            -1,
            308
          ],
          "conflicts": [
            134,
            251
          ]
        },
        "DAO": {
          "violations": [],
          "warnings": [
            -1,
            301,
            134,
            113,
            308
          ],
          "safe": [],
          "conflicts": []
        },
        "TODAmount": {
          "violations": [
            134
          ],
          "warnings": [
            251
          ],
          "safe": [
            -1,
            301,
            134,
            113,
            308
          ],
          "conflicts": []
        },
        "MissingInputValidation": {
          "violations": [
            -1,
            4,
            124,
            42,
            301,
            133,
            342,
            157,
            251,
            0,
            150,
            135,
            308,
            140,
            127,
            167,
            181
          ],
          "warnings": [
            -1,
            4,
            188,
            326,
            113,
            157,
            2,
            100,
            107,
            0,
            344,
            101,
            254,
            257,
            67,
            45,
            362,
            7,
            341,
            40,
            120,
            251,
            353
          ],
          "safe": [
            -1,
            172,
            326,
            354,
            188,
            152,
            133,
            167,
            150,
            106,
            290,
            144
          ],
          "conflicts": []
        },
        "DAOConstantGas": {
          "violations": [],
          "warnings": [
            134,
            251
          ],
          "safe": [],
          "conflicts": []
        },
        "UnrestrictedEtherFlow": {
          "violations": [],
          "warnings": [
            134,
            251,
            301,
            128,
            127
          ],
          "safe": [
            -1,
            301,
            134,
            113,
            308
          ],
          "conflicts": []
        }
      }
    },
    "/data/056200717a5b9d6fe0a52d130a1eab70.sol:ContractReceiver": {
      "results": {
        "TODReceiver": {
          "violations": [],
          "warnings": [],
          "safe": [
            -1
          ],
          "conflicts": []
        },
        "UnhandledException": {
          "violations": [],
          "warnings": [
            -1
          ],
          "safe": [],
          "conflicts": []
        },
        "TODTransfer": {
          "violations": [],
          "warnings": [
            -1
          ],
          "safe": [
            -1
          ],
          "conflicts": []
        },
        "DAO": {
          "violations": [],
          "warnings": [
            -1
          ],
          "safe": [],
          "conflicts": []
        },
        "TODAmount": {
          "violations": [],
          "warnings": [],
          "safe": [
            -1
          ],
          "conflicts": []
        },
        "MissingInputValidation": {
          "violations": [],
          "warnings": [],
          "safe": [],
          "conflicts": []
        },
        "DAOConstantGas": {
          "violations": [],
          "warnings": [],
          "safe": [],
          "conflicts": []
        },
        "UnrestrictedEtherFlow": {
          "violations": [],
          "warnings": [],
          "safe": [
            -1
          ],
          "conflicts": []
        }
      }
    },
    "/data/056200717a5b9d6fe0a52d130a1eab70.sol:StandardToken": {
      "results": {
        "TODReceiver": {
          "violations": [
            4,
            190
          ],
          "warnings": [],
          "safe": [
            -1,
            172,
            113
          ],
          "conflicts": []
        },
        "UnhandledException": {
          "violations": [],
          "warnings": [
            -1,
            172,
            4,
            190,
            108,
            140,
            113
          ],
          "safe": [],
          "conflicts": []
        },
        "TODTransfer": {
          "violations": [],
          "warnings": [
            -1,
            172,
            113
          ],
          "safe": [
            -1
          ],
          "conflicts": [
            4,
            190
          ]
        },
        "DAO": {
          "violations": [],
          "warnings": [
            -1,
            172,
            113
          ],
          "safe": [],
          "conflicts": []
        },
        "TODAmount": {
          "violations": [
            4
          ],
          "warnings": [
            190
          ],
          "safe": [
            -1,
            172,
            113
          ],
          "conflicts": []
        },
        "MissingInputValidation": {
          "violations": [
            -1,
            158,
            113,
            192,
            133,
            190,
            127,
            140,
            167,
            157,
            181
          ],
          "warnings": [
            -1,
            133,
            67,
            120,
            7,
            45,
            40
          ],
          "safe": [
            -1,
            107,
            113,
            152,
            106,
            144
          ],
          "conflicts": []
        },
        "DAOConstantGas": {
          "violations": [],
          "warnings": [
            4,
            190
          ],
          "safe": [],
          "conflicts": []
        },
        "UnrestrictedEtherFlow": {
          "violations": [],
          "warnings": [
            4,
            190,
            172,
            108,
            140
          ],
          "safe": [
            -1,
            172,
            113
          ],
          "conflicts": []
        }
      }
    },
    "/data/056200717a5b9d6fe0a52d130a1eab70.sol:ERC20": {
      "results": {
        "TODReceiver": {
          "violations": [],
          "warnings": [],
          "safe": [
            -1
          ],
          "conflicts": []
        },
        "UnhandledException": {
          "violations": [],
          "warnings": [
            -1
          ],
          "safe": [],
          "conflicts": []
        },
        "TODTransfer": {
          "violations": [],
          "warnings": [
            -1
          ],
          "safe": [
            -1
          ],
          "conflicts": []
        },
        "DAO": {
          "violations": [],
          "warnings": [
            -1
          ],
          "safe": [],
          "conflicts": []
        },
        "TODAmount": {
          "violations": [],
          "warnings": [],
          "safe": [
            -1
          ],
          "conflicts": []
        },
        "MissingInputValidation": {
          "violations": [],