{
  "contract": "6fa34e8161fe58bcb17e0cd4131856e6",
  "tool": "securify",
  "start": 1645846832.4301407,
  "end": 1645846978.3323293,
  "duration": 145.902188539505,
  "analysis": {
    "/data/6fa34e8161fe58bcb17e0cd4131856e6.sol:CaptureTheFlag": {
      "results": {
        "TODReceiver": {
          "violations": [],
          "warnings": [
            130,
            115,
            156,
            53,
            181,
            187
          ],
          "safe": [],
          "conflicts": []
        },
        "UnhandledException": {
          "violations": [],
          "warnings": [
            130,
            132,
            115,
            156,
            53,
            124,
            181,
            187,
            152
          ],
          "safe": [],
          "conflicts": []
        },
        "TODTransfer": {
          "violations": [
            115,
            53
          ],
          "warnings": [
            156
          ],
          "safe": [
            130,
            181,
            187
          ],
          "conflicts": []
        },
        "DAO": {
          "violations": [
            130
          ],
          "warnings": [
            156
          ],
          "safe": [],
          "conflicts": []
        },
        "TODAmount": {
          "violations": [
            115,
            53,
            187
          ],
          "warnings": [
            130,
            156
          ],
          "safe": [
            181
          ],
          "conflicts": []
        },
        "MissingInputValidation": {
          "violations": [
            83,
            155,
            68,
            185
          ],
          "warnings": [
            26,
            128,
            114,
            52,
            121,
            170,
            65,
            105,
            164,
            64,
            45,
            139,
            61
          ],
          "safe": [
            145
          ],
          "conflicts": []
        },
        "DAOConstantGas": {
          "violations": [
            115
          ],
          "warnings": [
            53,
            181,
            187
          ],
          "safe": [],
          "conflicts": []
        },
        "UnrestrictedEtherFlow": {
          "violations": [],
          "warnings": [
            132,
            115,
            156,
            53,
            124,
            152
          ],
          "safe": [
            130,
            181,
            187
          ],
          "conflicts": []
        }
      }
    },
    "/data/6fa34e8161fe58bcb17e0cd4131856e6.sol:Log": {
      "results": {
        "TODReceiver": {
          "violations": [],
          "warnings": [
            -1
          ],
          "safe": [],
          "conflicts": []
        },
        "UnhandledException": {
          "violations": [],
          "warnings": [
            -1
          ],
          "safe": [],
          "conflicts": []
        },
        "TODTransfer": {
          "violations": [
            -1
          ],
          "warnings": [
            -1
          ],
          "safe": [
            -1
          ],
          "conflicts": []
        },
        "DAO": {
          "violations": [
            -1
          ],
          "warnings": [
            -1
          ],
          "safe": [],
          "conflicts": []
        },
        "TODAmount": {
          "violations": [
            -1
          ],
          "warnings": [
            -1
          ],
          "safe": [
            -1
          ],
          "conflicts": []
        },
        "MissingInputValidation": {
          "violations": [],
          "warnings": [],
          "safe": [],
          "conflicts": []
        },
        "DAOConstantGas": {
          "violations": [
            -1
          ],
          "warnings": [
            -1
          ],
          "safe": [],
          "conflicts": []
        },
        "UnrestrictedEtherFlow": {
          "violations": [],
          "warnings": [
            -1
          ],
          "safe": [
            -1
          ],
          "conflicts": []
        }
      }
    },
    "/data/6fa34e8161fe58bcb17e0cd4131856e6.sol:Ownable": {
      "results": {
        "TODReceiver": {
          "violations": [],
          "warnings": [
            -1,
            53
          ],
          "safe": [],
          "conflicts": []
        },
        "UnhandledException": {
          "violations": [],
          "warnings": [
            -1,
            53
          ],
          "safe": [],
          "conflicts": []
        },
        "TODTransfer": {
          "violations": [
            -1,
            53
          ],
          "warnings": [
            -1
          ],
          "safe": [
            -1
          ],
          "conflicts": []
        },
        "DAO": {
          "violations": [
            -1
          ],
          "warnings": [
            -1
          ],
          "safe": [],
          "conflicts": []
        },
        "TODAmount": {
          "violations": [
            -1,
            53
          ],
          "warnings": [
            -1
          ],
          "safe": [
            -1
          ],
          "conflicts": []
        },
        "MissingInputValidation": {
          "violations": [
            -1
          ],
          "warnings": [
            -1,
            26,
            45,
            52
          ],
          "safe": [
            -1
          ],
          "conflicts": []
        },
        "DAOConstantGas": {
          "violations": [
            -1
          ],
          "warnings": [
            -1,
            53
          ],
          "safe": [],
          "conflicts": []
        },
        "UnrestrictedEtherFlow": {
          "violations": [],
          "warnings": [
            -1,
            53
          ],
          "safe": [
            -1
          ],
          "conflicts": []
        }
      }
    }
  }
}