{
  "contract": "0b51d6975feec617bf87efe386db4b8b",
  "tool": "securify",
  "start": 1645718660.5842068,
  "end": 1645719069.8034396,
  "duration": 409.2192327976227,
  "analysis": {
    "/data/0b51d6975feec617bf87efe386db4b8b.sol:ZontoToken": {
      "results": {
        "TODReceiver": {
          "violations": [],
          "warnings": [],
          "safe": [
            297,
            210,
            308
          ],
          "conflicts": []
        },
        "UnhandledException": {
          "violations": [],
          "warnings": [
            297,
            210,
            308
          ],
          "safe": [],
          "conflicts": []
        },
        "TODTransfer": {
          "violations": [
            308
          ],
          "warnings": [
            297,
            210
          ],
          "safe": [],
          "conflicts": []
        },
        "DAO": {
          "violations": [],
          "warnings": [
            297,
            210
          ],
          "safe": [],
          "conflicts": []
        },
        "TODAmount": {
          "violations": [],
          "warnings": [],
          "safe": [
            297,
            210,
            308
          ],
          "conflicts": []
        },
        "MissingInputValidation": {
          "violations": [
            224,
            166,
            217
          ],
          "warnings": [
            135,
            231,
            139,
            242,
            269,
            235,
            154,
            284,
            237,
            166,
            87,
            0,
            286,
            136,
            4,
            147,
            233,
            224,
            143,
            195,
            205,
            180,
            236,
            240,
            91,
            113,
            226,
            230,
            80,
            53,
            61,
            307,
            239,
            100,
            118,
            278,
            56,
            232
          ],
          "safe": [
            154,
            118,
            166
          ],
          "conflicts": []
        },
        "DAOConstantGas": {
          "violations": [
            308
          ],
          "warnings": [],
          "safe": [],
          "conflicts": []
        },
        "UnrestrictedEtherFlow": {
          "violations": [],
          "warnings": [
            308
          ],
          "safe": [
            297,
            210
          ],
          "conflicts": []
        }
      }
    },
    "/data/0b51d6975feec617bf87efe386db4b8b.sol:ContractReceiver": {
      "results": {
        "TODReceiver": {
          "violations": [],
          "warnings": [],
          "safe": [],
          "conflicts": []
        },
        "UnhandledException": {
          "violations": [],
          "warnings": [],
          "safe": [],
          "conflicts": []
        },
        "TODTransfer": {
          "violations": [],
          "warnings": [],
          "safe": [],
          "conflicts": []
        },
        "DAO": {
          "violations": [],
          "warnings": [],
          "safe": [],
          "conflicts": []
        },
        "TODAmount": {
          "violations": [],
          "warnings": [],
          "safe": [],
          "conflicts": []
        },
        "MissingInputValidation": {
          "violations": [
            27
          ],
          "warnings": [
            17
          ],
          "safe": [],
          "conflicts": []
        },
        "DAOConstantGas": {
          "violations": [],
          "warnings": [],
          "safe": [],
          "conflicts": []
        },
        "UnrestrictedEtherFlow": {
          "violations": [],
          "warnings": [],
          "safe": [],
          "conflicts": []
        }
      }
    },
    "/data/0b51d6975feec617bf87efe386db4b8b.sol:Haltable": {
      "results": {
        "TODReceiver": {
          "violations": [],
          "warnings": [],
          "safe": [
            -1
          ],
          "conflicts": []
        },
        "UnhandledException": {
          "violations": [],
          "warnings": [
            -1
          ],
          "safe": [],
          "conflicts": []
        },
        "TODTransfer": {
          "violations": [],
          "warnings": [
            -1
          ],
          "safe": [],
          "conflicts": []
        },
        "DAO": {
          "violations": [],
          "warnings": [
            -1
          ],
          "safe": [],
          "conflicts": []
        },
        "TODAmount": {
          "violations": [],
          "warnings": [],
          "safe": [
            -1
          ],
          "conflicts": []
        },
        "MissingInputValidation": {
          "violations": [
            100,
            -1
          ],
          "warnings": [
            119,
            -1,
            118,
            91,
            80,
            100,
            113
          ],
          "safe": [
            -1
          ],
          "conflicts": []
        },
        "DAOConstantGas": {
          "violations": [],
          "warnings": [],
          "safe": [],
          "conflicts": []
        },
        "UnrestrictedEtherFlow": {
          "violations": [],
          "warnings": [],
          "safe": [
            -1
          ],
          "conflicts": []
        }
      }
    },
    "/data/0b51d6975feec617bf87efe386db4b8b.sol:Ownable": {
      "results": {
        "TODReceiver": {
          "violations": [],
          "warnings": [],
          "safe": [
            -1
          ],
          "conflicts": []
        },
        "UnhandledException": {
          "violations": [],
          "warnings": [
            -1
          ],
          "safe": [],
          "conflicts": []
        },
        "TODTransfer": {
          "violations": [],
          "warnings": [
            -1
          ],
          "safe": [],
          "conflicts": []
        },
        "DAO": {
          "violations": [],
          "warnings": [
            -1
          ],
          "safe": [],
          "conflicts": []
        },
        "TODAmount": {
          "violations": [],
          "warnings": [],
          "safe": [
            -1
          ],
          "conflicts": []
        },
        "MissingInputValidation": {
          "violations": [
            87,
            -1
          ],
          "warnings": [
            -1,
            91,
            80
          ],
          "safe": [
            -1
          ],
          "conflicts": []
        },
        "DAOConstantGas": {
          "violations": [],
          "warnings": [],
          "safe": [],
          "conflicts": []
        },
        "UnrestrictedEtherFlow": {
          "violations": [],
          "warnings": [],
          "safe": [
            -1
          ],
          "conflicts": []
        }
      }
    },
    "/data/0b51d6975feec617bf87efe386db4b8b.sol:ERC223Token": {
      "results": {
        "TODReceiver": {
          "violations": [],
          "warnings": [],
          "safe": [
            210
          ],
          "conflicts": []
        },
        "UnhandledException": {
          "violations": [],
          "warnings": [
            210
          ],
          "safe": [],
          "conflicts": []
        },
        "TODTransfer": {
          "violations": [],
          "warnings": [
            210
          ],
          "safe": [],
          "conflicts": []
        },
        "DAO": {
          "violations": [],
          "warnings": [
            210
          ],
          "safe": [],
          "conflicts": []
        },
        "TODAmount": {
          "violations": [],
          "warnings": [],
          "safe": [
            210
          ],
          "conflicts": []
        },
        "MissingInputValidation": {
          "violations": [
            2,
            217
          ],