{
  "contract": "c03a42b57772413de70a2323ca054482",
  "tool": "securify",
  "start": 1646027715.9876108,
  "end": 1646028130.3207552,
  "duration": 414.3331444263458,
  "analysis": {
    "/data/c03a42b57772413de70a2323ca054482.sol:UpgradeableToken": {
      "results": {
        "TODReceiver": {
          "violations": [
            287,
            0
          ],
          "warnings": [],
          "safe": [
            295,
            -1,
            180,
            122,
            104,
            302
          ],
          "conflicts": []
        },
        "UnhandledException": {
          "violations": [],
          "warnings": [
            295,
            287,
            0,
            122,
            118,
            -1,
            180,
            104,
            302
          ],
          "safe": [],
          "conflicts": []
        },
        "TODTransfer": {
          "violations": [],
          "warnings": [
            295,
            -1,
            122,
            104
          ],
          "safe": [
            180,
            302
          ],
          "conflicts": [
            287,
            0
          ]
        },
        "DAO": {
          "violations": [],
          "warnings": [
            295,
            -1,
            180,
            122,
            104,
            302
          ],
          "safe": [],
          "conflicts": []
        },
        "TODAmount": {
          "violations": [
            287
          ],
          "warnings": [
            0
          ],
          "safe": [
            295,
            -1,
            180,
            122,
            104,
            302
          ],
          "conflicts": []
        },
        "MissingInputValidation": {
          "violations": [
            121,
            145,
            295,
            239,
            336,
            -1,
            349,
            318,
            138,
            123,
            302,
            0,
            169,
            128,
            155,
            118
          ],
          "warnings": [
            104,
            102,
            0,
            145,
            357,
            -1,
            92,
            91,
            338,
            98,
            239,
            347,
            335,
            356,
            245,
            242,
            45,
            111,
            40,
            7
          ],
          "safe": [
            121,
            155,
            140,
            100,
            327,
            -1,
            158,
            146,
            97,
            138,
            132,
            284
          ],
          "conflicts": []
        },
        "DAOConstantGas": {
          "violations": [],
          "warnings": [
            287,
            0
          ],
          "safe": [],
          "conflicts": []
        },
        "UnrestrictedEtherFlow": {
          "violations": [],
          "warnings": [
            287,
            0,
            122,
            118
          ],
          "safe": [
            295,
            -1,
            180,
            122,
            104,
            302
          ],
          "conflicts": []
        }
      }
    },
    "/data/c03a42b57772413de70a2323ca054482.sol:SafeMath": {
      "results": {
        "TODReceiver": {
          "violations": [
            -1
          ],
          "warnings": [],
          "safe": [
            -1
          ],
          "conflicts": []
        },
        "UnhandledException": {
          "violations": [],
          "warnings": [
            -1
          ],
          "safe": [],
          "conflicts": []
        },
        "TODTransfer": {
          "violations": [],
          "warnings": [
            -1
          ],
          "safe": [
            -1
          ],
          "conflicts": [
            -1
          ]
        },
        "DAO": {
          "violations": [],
          "warnings": [
            -1
          ],
          "safe": [],
          "conflicts": []
        },
        "TODAmount": {
          "violations": [
            -1
          ],
          "warnings": [
            -1
          ],
          "safe": [
            -1
          ],
          "conflicts": []
        },
        "MissingInputValidation": {
          "violations": [],
          "warnings": [],
          "safe": [],
          "conflicts": []
        },
        "DAOConstantGas": {
          "violations": [],
          "warnings": [
            -1
          ],
          "safe": [],
          "conflicts": []
        },
        "UnrestrictedEtherFlow": {
          "violations": [],
          "warnings": [
            -1
          ],
          "safe": [
            -1
          ],
          "conflicts": []
        }
      }
    },
    "/data/c03a42b57772413de70a2323ca054482.sol:InitialSaleSQD": {
      "results": {
        "TODReceiver": {
          "violations": [
            494,
            490
          ],
          "warnings": [],
          "safe": [
            522
          ],
          "conflicts": []
        },
        "UnhandledException": {
          "violations": [],
          "warnings": [
            522,
            494,
            490,
            498,
            476
          ],
          "safe": [],
          "conflicts": []
        },
        "TODTransfer": {
          "violations": [],
          "warnings": [
            522
          ],
          "safe": [],
          "conflicts": [
            494,
            490
          ]
        },
        "DAO": {
          "violations": [],
          "warnings": [
            522
          ],
          "safe": [],
          "conflicts": []
        },
        "TODAmount": {
          "violations": [
            494
          ],
          "warnings": [
            490
          ],
          "safe": [
            522
          ],
          "conflicts": []
        },
        "MissingInputValidation": {
          "violations": [],
          "warnings": [],
          "safe": [],
          "conflicts": []
        },
        "DAOConstantGas": {
          "violations": [],
          "warnings": [
            494,
            490
          ],
          "safe": [],
          "conflicts": []
        },
        "UnrestrictedEtherFlow": {
          "violations": [],
          "warnings": [
            494,
            490,
            498,
            476
          ],
          "safe": [
            522
          ],
          "conflicts": []
        }
      }
    },
    "/data/c03a42b57772413de70a2323ca054482.sol:SQDFiniteToken": {
      "results": {
        "TODReceiver": {
          "violations": [
            155,
            169
          ],
          "warnings": [],
          "safe": [
            245,
            104,
            302
          ],
          "conflicts": []
        },
        "UnhandledException": {
          "violations": [],
          "warnings": [
            245,
            155,
            169,
            97,
            365,
            104,
            302
          ],
          "safe": [],
          "conflicts": []
        },
        "TODTransfer": {
          "violations": [],
          "warnings": [
            245,
            104
          ],
          "safe": [
            302
          ],
          "conflicts": [
            155,
            169
          ]
        },
        "DAO": {
          "violations": [],
          "warnings": [
            245,
            104,
            302
          ],
          "safe": [],
          "conflicts": []
        },
        "TODAmount": {
          "violations": [
            155
          ],
          "warnings": [
            169
          ],
          "safe": [
            245,
            104,
            302
          ],
          "conflicts": []
        },