{
  "contract": "407c1a9921d76bc99aa6ce5babc221a8",
  "tool": "securify",
  "start": 1645771483.1056,
  "end": 1645772035.2793741,
  "duration": 552.1737740039825,
  "analysis": {
    "/data/407c1a9921d76bc99aa6ce5babc221a8.sol:WeToken": {
      "results": {
        "TODReceiver": {
          "violations": [],
          "warnings": [],
          "safe": [
            187,
            112,
            438,
            314,
            119
          ],
          "conflicts": []
        },
        "UnhandledException": {
          "violations": [],
          "warnings": [
            187,
            112,
            438,
            314,
            119
          ],
          "safe": [],
          "conflicts": []
        },
        "TODTransfer": {
          "violations": [],
          "warnings": [
            187,
            112,
            438,
            119
          ],
          "safe": [
            112,
            314
          ],
          "conflicts": []
        },
        "DAO": {
          "violations": [],
          "warnings": [
            187,
            112,
            438,
            314,
            119
          ],
          "safe": [],
          "conflicts": []
        },
        "TODAmount": {
          "violations": [],
          "warnings": [],
          "safe": [
            187,
            112,
            438,
            314,
            119
          ],
          "conflicts": []
        },
        "MissingInputValidation": {
          "violations": [
            378,
            450,
            187,
            0,
            263,
            347,
            321,
            146,
            466,
            163,
            397,
            2,
            112,
            173,
            384,
            387,
            445,
            478,
            133
          ],
          "warnings": [
            158,
            156,
            450,
            382,
            0,
            377,
            359,
            391,
            439,
            480,
            479,
            163,
            112,
            380,
            299,
            298,
            263,
            378,
            368,
            44,
            431,
            379,
            126,
            39,
            260,
            208,
            66,
            347,
            412,
            11,
            257
          ],
          "safe": [
            384,
            0,
            445,
            378,
            2,
            217,
            359,
            163,
            106,
            146,
            465,
            450,
            296,
            436,
            150,
            112
          ],
          "conflicts": []
        },
        "DAOConstantGas": {
          "violations": [],
          "warnings": [],
          "safe": [],
          "conflicts": []
        },
        "UnrestrictedEtherFlow": {
          "violations": [],
          "warnings": [],
          "safe": [
            187,
            112,
            438,
            314,
            119
          ],
          "conflicts": []
        }
      }
    },
    "/data/407c1a9921d76bc99aa6ce5babc221a8.sol:UpgradeableToken": {
      "results": {
        "TODReceiver": {
          "violations": [],
          "warnings": [],
          "safe": [
            176,
            257,
            119,
            314
          ],
          "conflicts": []
        },
        "UnhandledException": {
          "violations": [],
          "warnings": [
            176,
            257,
            119,
            314
          ],
          "safe": [],
          "conflicts": []
        },
        "TODTransfer": {
          "violations": [],
          "warnings": [
            176,
            257,
            119
          ],
          "safe": [
            314
          ],
          "conflicts": []
        },
        "DAO": {
          "violations": [],
          "warnings": [
            176,
            257,
            119,
            314
          ],
          "safe": [],
          "conflicts": []
        },
        "TODAmount": {
          "violations": [],
          "warnings": [],
          "safe": [
            176,
            257,
            119,
            314
          ],
          "conflicts": []
        },
        "MissingInputValidation": {
          "violations": [
            139,
            163,
            177,
            178,
            140,
            0,
            146,
            158,
            350,
            156,
            187,
            173,
            133
          ],
          "warnings": [
            116,
            115,
            119,
            163,
            113,
            0,
            179,
            114,
            359,
            263,
            39,
            44,
            368,
            257,
            11,
            260,
            66,
            126,
            347
          ],
          "safe": [
            158,
            112,
            139,
            307,
            140,
            156,
            106,
            296,
            150
          ],
          "conflicts": []
        },
        "DAOConstantGas": {
          "violations": [],
          "warnings": [],
          "safe": [],
          "conflicts": []
        },
        "UnrestrictedEtherFlow": {
          "violations": [],
          "warnings": [],
          "safe": [
            176,
            257,
            119,
            314
          ],
          "conflicts": []
        }
      }
    },
    "/data/407c1a9921d76bc99aa6ce5babc221a8.sol:UpgradeAgent": {
      "results": {
        "TODReceiver": {
          "violations": [],
          "warnings": [],
          "safe": [
            -1
          ],
          "conflicts": []
        },
        "UnhandledException": {
          "violations": [],
          "warnings": [
            -1
          ],
          "safe": [],
          "conflicts": []
        },
        "TODTransfer": {
          "violations": [],
          "warnings": [
            -1
          ],
          "safe": [],
          "conflicts": []
        },
        "DAO": {
          "violations": [],
          "warnings": [
            -1
          ],
          "safe": [],
          "conflicts": []
        },
        "TODAmount": {
          "violations": [],
          "warnings": [],
          "safe": [
            -1
          ],
          "conflicts": []
        },
        "MissingInputValidation": {
          "violations": [],
          "warnings": [],
          "safe": [],
          "conflicts": []
        },
        "DAOConstantGas": {
          "violations": [],
          "warnings": [],
          "safe": [],
          "conflicts": []
        },
        "UnrestrictedEtherFlow": {
          "violations": [],
          "warnings": [],
          "safe": [
            -1
          ],
          "conflicts": []
        }
      }
    },
    "/data/407c1a9921d76bc99aa6ce5babc221a8.sol:BurnableToken": {
      "results": {
        "TODReceiver": {
          "violations": [],
          "warnings": [],
          "safe": [
            119
          ],
          "conflicts": []
        },
        "UnhandledException": {
          "violations": [],
          "warnings": [
            119
          ],
          "safe": [],
          "conflicts": []
        },
        "TODTransfer": {
          "violations": [],
          "warnings": [
            119
          ],
          "safe": [],
          "conflicts": []
        },
        "DAO": {
          "violations": [],
          "warnings": [
            119
          ],
          "safe": [],
          "conflicts": []
        },
        "TODAmount": {
          "violations": [],
          "warnings": [],
          "safe": [
            119
          ],
          "conflicts": []
        },