{
  "contract": "d4065c57a86f6b1c6fd1a76cb6ace4ac",
  "tool": "securify",
  "start": 1645710230.785841,
  "end": 1645710870.2328305,
  "duration": 639.4469895362854,
  "analysis": {
    "/data/d4065c57a86f6b1c6fd1a76cb6ace4ac.sol:PlayerBook": {
      "results": {
        "TODReceiver": {
          "violations": [],
          "warnings": [],
          "safe": [
            404,
            405,
            410,
            595,
            596,
            597,
            598
          ],
          "conflicts": []
        },
        "UnhandledException": {
          "violations": [],
          "warnings": [
            404,
            405,
            410,
            353,
            356,
            328,
            333,
            595,
            596,
            597,
            598
          ],
          "safe": [],
          "conflicts": []
        },
        "TODTransfer": {
          "violations": [],
          "warnings": [
            404,
            405,
            410
          ],
          "safe": [
            595,
            596,
            597,
            598
          ],
          "conflicts": []
        },
        "DAO": {
          "violations": [],
          "warnings": [
            410,
            595,
            596,
            597,
            598
          ],
          "safe": [],
          "conflicts": []
        },
        "TODAmount": {
          "violations": [
            405
          ],
          "warnings": [],
          "safe": [
            404,
            410,
            595,
            596,
            597,
            598
          ],
          "conflicts": []
        },
        "MissingInputValidation": {
          "violations": [
            439,
            49,
            48,
            56,
            447,
            601,
            47,
            454,
            52,
            584,
            53,
            475,
            543,
            461,
            55,
            54
          ],
          "warnings": [
            51,
            340,
            50,
            468,
            386,
            367,
            645,
            46,
            419,
            157
          ],
          "safe": [
            194,
            229,
            507,
            317,
            269
          ],
          "conflicts": []
        },
        "DAOConstantGas": {
          "violations": [],
          "warnings": [
            404,
            405
          ],
          "safe": [],
          "conflicts": []
        },
        "UnrestrictedEtherFlow": {
          "violations": [],
          "warnings": [
            353,
            356,
            328,
            333
          ],
          "safe": [
            404,
            405,
            410,
            595,
            596,
            597,
            598
          ],
          "conflicts": []
        }
      }
    },
    "/data/d4065c57a86f6b1c6fd1a76cb6ace4ac.sol:NameFilter": {
      "results": {
        "TODReceiver": {
          "violations": [],
          "warnings": [],
          "safe": [],
          "conflicts": []
        },
        "UnhandledException": {
          "violations": [],
          "warnings": [],
          "safe": [],
          "conflicts": []
        },
        "TODTransfer": {
          "violations": [],
          "warnings": [],
          "safe": [],
          "conflicts": []
        },
        "DAO": {
          "violations": [],
          "warnings": [],
          "safe": [],
          "conflicts": []
        },
        "TODAmount": {
          "violations": [],
          "warnings": [],
          "safe": [],
          "conflicts": []
        },
        "MissingInputValidation": {
          "violations": [],
          "warnings": [],
          "safe": [],
          "conflicts": []
        },
        "DAOConstantGas": {
          "violations": [],
          "warnings": [],
          "safe": [],
          "conflicts": []
        },
        "UnrestrictedEtherFlow": {
          "violations": [],
          "warnings": [],
          "safe": [],
          "conflicts": []
        }
      }
    },
    "/data/d4065c57a86f6b1c6fd1a76cb6ace4ac.sol:PlayerBookReceiverInterface": {
      "results": {
        "TODReceiver": {
          "violations": [],
          "warnings": [],
          "safe": [
            -1
          ],
          "conflicts": []
        },
        "UnhandledException": {
          "violations": [],
          "warnings": [
            -1
          ],
          "safe": [],
          "conflicts": []
        },
        "TODTransfer": {
          "violations": [],
          "warnings": [
            -1
          ],
          "safe": [
            -1
          ],
          "conflicts": []
        },
        "DAO": {
          "violations": [],
          "warnings": [
            -1
          ],
          "safe": [],
          "conflicts": []
        },
        "TODAmount": {
          "violations": [
            -1
          ],
          "warnings": [],
          "safe": [
            -1
          ],
          "conflicts": []
        },
        "MissingInputValidation": {
          "violations": [],
          "warnings": [],
          "safe": [],
          "conflicts": []
        },
        "DAOConstantGas": {
          "violations": [],
          "warnings": [
            -1
          ],
          "safe": [],
          "conflicts": []
        },
        "UnrestrictedEtherFlow": {
          "violations": [],
          "warnings": [
            -1
          ],
          "safe": [
            -1
          ],
          "conflicts": []
        }
      }
    },
    "/data/d4065c57a86f6b1c6fd1a76cb6ace4ac.sol:SafeMath": {
      "results": {
        "TODReceiver": {
          "violations": [],
          "warnings": [],
          "safe": [
            -1
          ],
          "conflicts": []
        },
        "UnhandledException": {
          "violations": [],
          "warnings": [
            -1
          ],
          "safe": [],
          "conflicts": []
        },
        "TODTransfer": {
          "violations": [],
          "warnings": [
            -1
          ],
          "safe": [
            -1
          ],
          "conflicts": []
        },
        "DAO": {
          "violations": [],
          "warnings": [
            -1
          ],
          "safe": [],
          "conflicts": []
        },
        "TODAmount": {
          "violations": [
            -1
          ],
          "warnings": [],
          "safe": [
            -1
          ],
          "conflicts": []
        },
        "MissingInputValidation": {
          "violations": [],
          "warnings": [],
          "safe": [],
          "conflicts": []
        },
        "DAOConstantGas": {
          "violations": [],
          "warnings": [
            -1
          ],
          "safe": [],
          "conflicts": []
        },
        "UnrestrictedEtherFlow": {
          "violations": [],
          "warnings": [
            -1
          ],
          "safe": [
            -1
          ],
          "conflicts": []
        }
      }
    }
  }
}