{
  "contract": "a273e59c5f69e7f049bbd5827a6cca4f",
  "tool": "securify",
  "start": 1645942074.9396305,
  "end": 1645942518.213855,
  "duration": 443.2742245197296,
  "analysis": {
    "/data/a273e59c5f69e7f049bbd5827a6cca4f.sol:ShortOrder": {
      "results": {
        "TODReceiver": {
          "violations": [],
          "warnings": [
            303,
            190,
            219,
            220,
            279
          ],
          "safe": [
            228
          ],
          "conflicts": []
        },
        "UnhandledException": {
          "violations": [],
          "warnings": [
            298,
            303,
            145,
            185,
            190,
            210,
            228,
            219,
            220,
            355,
            275,
            279,
            167,
            347
          ],
          "safe": [],
          "conflicts": []
        },
        "TODTransfer": {
          "violations": [],
          "warnings": [
            303,
            190,
            228,
            219,
            279
          ],
          "safe": [
            220
          ],
          "conflicts": []
        },
        "DAO": {
          "violations": [],
          "warnings": [
            220
          ],
          "safe": [],
          "conflicts": []
        },
        "TODAmount": {
          "violations": [],
          "warnings": [
            190
          ],
          "safe": [
            303,
            228,
            219,
            220,
            279
          ],
          "conflicts": []
        },
        "MissingInputValidation": {
          "violations": [
            358,
            350,
            284,
            131,
            177,
            196,
            354,
            325,
            321,
            317,
            366,
            362,
            309,
            261,
            153,
            100,
            313,
            346
          ],
          "warnings": [
            329,
            54,
            59,
            49,
            42
          ],
          "safe": [],
          "conflicts": []
        },
        "DAOConstantGas": {
          "violations": [
            190,
            279
          ],
          "warnings": [
            303,
            228,
            219
          ],
          "safe": [],
          "conflicts": []
        },
        "UnrestrictedEtherFlow": {
          "violations": [
            190
          ],
          "warnings": [
            298,
            145,
            185,
            210,
            355,
            275,
            279,
            167,
            347
          ],
          "safe": [
            303,
            228,
            219,
            220
          ],
          "conflicts": []
        }
      }
    },
    "/data/a273e59c5f69e7f049bbd5827a6cca4f.sol:Token": {
      "results": {
        "TODReceiver": {
          "violations": [],
          "warnings": [
            -1
          ],
          "safe": [
            -1
          ],
          "conflicts": []
        },
        "UnhandledException": {
          "violations": [],
          "warnings": [
            -1
          ],
          "safe": [],
          "conflicts": []
        },
        "TODTransfer": {
          "violations": [],
          "warnings": [
            -1
          ],
          "safe": [
            -1
          ],
          "conflicts": []
        },
        "DAO": {
          "violations": [],
          "warnings": [
            -1
          ],
          "safe": [],
          "conflicts": []
        },
        "TODAmount": {
          "violations": [],
          "warnings": [
            -1
          ],
          "safe": [
            -1
          ],
          "conflicts": []
        },
        "MissingInputValidation": {
          "violations": [],
          "warnings": [],
          "safe": [],
          "conflicts": []
        },
        "DAOConstantGas": {
          "violations": [
            -1
          ],
          "warnings": [
            -1
          ],
          "safe": [],
          "conflicts": []
        },
        "UnrestrictedEtherFlow": {
          "violations": [
            -1
          ],
          "warnings": [
            -1
          ],
          "safe": [
            -1
          ],
          "conflicts": []
        }
      }
    },
    "/data/a273e59c5f69e7f049bbd5827a6cca4f.sol:SafeMath": {
      "results": {
        "TODReceiver": {
          "violations": [],
          "warnings": [],
          "safe": [],
          "conflicts": []
        },
        "UnhandledException": {
          "violations": [],
          "warnings": [],
          "safe": [],
          "conflicts": []
        },
        "TODTransfer": {
          "violations": [],
          "warnings": [],
          "safe": [],
          "conflicts": []
        },
        "DAO": {
          "violations": [],
          "warnings": [],
          "safe": [],
          "conflicts": []
        },
        "TODAmount": {
          "violations": [],
          "warnings": [],
          "safe": [],
          "conflicts": []
        },
        "MissingInputValidation": {
          "violations": [],
          "warnings": [],
          "safe": [],
          "conflicts": []
        },
        "DAOConstantGas": {
          "violations": [],
          "warnings": [],
          "safe": [],
          "conflicts": []
        },
        "UnrestrictedEtherFlow": {
          "violations": [],
          "warnings": [],
          "safe": [],
          "conflicts": []
        }
      }
    }
  }
}