{
  "contract": "b37f39615584a03cc5510d33b431f011",
  "tool": "securify",
  "start": 1646340282.507941,
  "end": 1646340493.8565392,
  "duration": 211.34859824180603,
  "analysis": {
    "/data/b37f39615584a03cc5510d33b431f011.sol:BoulePreSale": {
      "results": {
        "TODReceiver": {
          "violations": [],
          "warnings": [
            781
          ],
          "safe": [
            853,
            829,
            860,
            855
          ],
          "conflicts": []
        },
        "UnhandledException": {
          "violations": [],
          "warnings": [
            853,
            860,
            855,
            781,
            829
          ],
          "safe": [],
          "conflicts": []
        },
        "TODTransfer": {
          "violations": [
            853,
            781,
            829
          ],
          "warnings": [
            860,
            855
          ],
          "safe": [
            853
          ],
          "conflicts": []
        },
        "DAO": {
          "violations": [],
          "warnings": [
            860,
            855
          ],
          "safe": [],
          "conflicts": []
        },
        "TODAmount": {
          "violations": [
            853,
            829
          ],
          "warnings": [],
          "safe": [
            781,
            860,
            855
          ],
          "conflicts": []
        },
        "MissingInputValidation": {
          "violations": [
            679,
            676,
            710
          ],
          "warnings": [
            655,
            835,
            8,
            798,
            662,
            773,
            720,
            867,
            824,
            657,
            26,
            843,
            656,
            69,
            663,
            666,
            788,
            671,
            42,
            809,
            670,
            664,
            659,
            672
          ],
          "safe": [],
          "conflicts": []
        },
        "DAOConstantGas": {
          "violations": [],
          "warnings": [
            853,
            781,
            829
          ],
          "safe": [],
          "conflicts": []
        },
        "UnrestrictedEtherFlow": {
          "violations": [],
          "warnings": [
            853,
            860,
            855,
            829
          ],
          "safe": [
            781,
            853,
            860,
            855
          ],
          "conflicts": []
        }
      }
    },
    "/data/b37f39615584a03cc5510d33b431f011.sol:ERC20": {
      "results": {
        "TODReceiver": {
          "violations": [],
          "warnings": [
            -1
          ],
          "safe": [
            -1
          ],
          "conflicts": []
        },
        "UnhandledException": {
          "violations": [],
          "warnings": [
            -1
          ],
          "safe": [],
          "conflicts": []
        },
        "TODTransfer": {
          "violations": [
            -1
          ],
          "warnings": [
            -1
          ],
          "safe": [
            -1
          ],
          "conflicts": []
        },
        "DAO": {
          "violations": [],
          "warnings": [
            -1
          ],
          "safe": [],
          "conflicts": []
        },
        "TODAmount": {
          "violations": [
            -1
          ],
          "warnings": [],
          "safe": [
            -1
          ],
          "conflicts": []
        },
        "MissingInputValidation": {
          "violations": [],
          "warnings": [],
          "safe": [],
          "conflicts": []
        },
        "DAOConstantGas": {
          "violations": [],
          "warnings": [
            -1
          ],
          "safe": [],
          "conflicts": []
        },
        "UnrestrictedEtherFlow": {
          "violations": [],
          "warnings": [
            -1
          ],
          "safe": [
            -1
          ],
          "conflicts": []
        }
      }
    },
    "/data/b37f39615584a03cc5510d33b431f011.sol:StandardToken": {
      "results": {
        "TODReceiver": {
          "violations": [],
          "warnings": [
            -1
          ],
          "safe": [
            -1
          ],
          "conflicts": []
        },
        "UnhandledException": {
          "violations": [],
          "warnings": [
            -1
          ],
          "safe": [],
          "conflicts": []
        },
        "TODTransfer": {
          "violations": [
            -1
          ],
          "warnings": [
            -1
          ],
          "safe": [
            -1
          ],
          "conflicts": []
        },
        "DAO": {
          "violations": [],
          "warnings": [
            -1
          ],
          "safe": [],
          "conflicts": []
        },
        "TODAmount": {
          "violations": [
            -1
          ],
          "warnings": [],
          "safe": [
            -1
          ],
          "conflicts": []
        },
        "MissingInputValidation": {
          "violations": [],
          "warnings": [],
          "safe": [],
          "conflicts": []
        },
        "DAOConstantGas": {
          "violations": [],
          "warnings": [
            -1
          ],
          "safe": [],
          "conflicts": []
        },
        "UnrestrictedEtherFlow": {
          "violations": [],
          "warnings": [
            -1
          ],
          "safe": [
            -1
          ],
          "conflicts": []
        }
      }
    },
    "/data/b37f39615584a03cc5510d33b431f011.sol:MultiSigWallet": {
      "results": {}
    },
    "/data/b37f39615584a03cc5510d33b431f011.sol:MintableToken": {
      "results": {
        "TODReceiver": {
          "violations": [],
          "warnings": [
            -1
          ],
          "safe": [
            -1
          ],
          "conflicts": []
        },
        "UnhandledException": {
          "violations": [],
          "warnings": [
            -1
          ],
          "safe": [],
          "conflicts": []
        },
        "TODTransfer": {
          "violations": [
            -1
          ],
          "warnings": [
            -1
          ],
          "safe": [
            -1
          ],
          "conflicts": []
        },
        "DAO": {
          "violations": [],
          "warnings": [
            -1
          ],
          "safe": [],
          "conflicts": []
        },
        "TODAmount": {
          "violations": [
            -1
          ],
          "warnings": [],
          "safe": [
            -1
          ],
          "conflicts": []
        },
        "MissingInputValidation": {
          "violations": [],
          "warnings": [],
          "safe": [],
          "conflicts": []
        },
        "DAOConstantGas": {
          "violations": [],
          "warnings": [
            -1
          ],
          "safe": [],
          "conflicts": []
        },
        "UnrestrictedEtherFlow": {
          "violations": [],
          "warnings": [
            -1
          ],
          "safe": [
            -1
          ],
          "conflicts": []
        }
      }
    },
    "/data/b37f39615584a03cc5510d33b431f011.sol:BouleToken": {
      "results": {
        "TODReceiver": {
          "violations": [],
          "warnings": [
            128
          ],
          "safe": [
            -1,
            23
          ],
          "conflicts": []
        },
        "UnhandledException": {
          "violations": [],
          "warnings": [
            -1,
            128,
            23
          ],
          "safe": [],
          "conflicts": []
        },
        "TODTransfer": {
          "violations": [
            -1,
            128,
            23
          ],
          "warnings": [
            -1
          ],
          "safe": [
            -1
          ],