{
  "contract": "caca2cd68334e59235bb1f979f5d4088",
  "tool": "securify",
  "start": 1645712282.4072418,
  "end": 1645713020.3012156,
  "duration": 737.8939738273621,
  "analysis": {
    "/data/caca2cd68334e59235bb1f979f5d4088.sol:LovePromo": {
      "results": {
        "TODReceiver": {
          "violations": [
            384,
            86,
            479,
            478
          ],
          "warnings": [],
          "safe": [
            382,
            384,
            377,
            78,
            522,
            54,
            430,
            448,
            458,
            412,
            417,
            387
          ],
          "conflicts": []
        },
        "UnhandledException": {
          "violations": [],
          "warnings": [
            382,
            384,
            483,
            415,
            377,
            357,
            78,
            86,
            1,
            522,
            54,
            -1,
            430,
            448,
            458,
            479,
            478,
            432,
            439,
            412,
            417,
            387
          ],
          "safe": [],
          "conflicts": []
        },
        "TODTransfer": {
          "violations": [
            384
          ],
          "warnings": [
            384,
            54,
            417
          ],
          "safe": [
            382,
            377,
            78,
            522,
            430,
            458,
            412,
            387
          ],
          "conflicts": [
            448,
            458,
            86,
            479,
            478
          ]
        },
        "DAO": {
          "violations": [
            78,
            377,
            458
          ],
          "warnings": [
            382,
            384,
            522,
            54,
            412,
            417
          ],
          "safe": [
            86,
            478
          ],
          "conflicts": []
        },
        "TODAmount": {
          "violations": [
            384,
            448,
            458,
            479,
            478
          ],
          "warnings": [
            86
          ],
          "safe": [
            382,
            384,
            377,
            78,
            522,
            54,
            430,
            458,
            412,
            417,
            387
          ],
          "conflicts": []
        },
        "MissingInputValidation": {
          "violations": [
            479,
            364,
            384,
            515,
            439,
            418,
            109,
            462,
            -1,
            487,
            56,
            400,
            502,
            48,
            425,
            355,
            534,
            438,
            446,
            474,
            357
          ],
          "warnings": [
            478,
            486,
            55,
            410,
            474,
            0,
            384,
            539,
            479,
            53,
            54,
            448,
            355,
            462,
            -1,
            383,
            36,
            500,
            65,
            458,
            446,
            364,
            409,
            438,
            63,
            107,
            399,
            353,
            27,
            77,
            32,
            70,
            98,
            348,
            29,
            394,
            495,
            28,
            545
          ],
          "safe": [
            379,
            448,
            2,
            389,
            409,
            364
          ],
          "conflicts": []
        },
        "DAOConstantGas": {
          "violations": [
            479
          ],
          "warnings": [
            384
          ],
          "safe": [
            377,
            430,
            448,
            458,
            387
          ],
          "conflicts": []
        },
        "UnrestrictedEtherFlow": {
          "violations": [],
          "warnings": [
            483,
            415,
            357,
            86,
            1,
            -1,
            384,
            448,
            458,
            479,
            478,
            432,
            439
          ],
          "safe": [
            382,
            384,
            377,
            78,
            522,
            54,
            430,
            458,
            412,
            417,
            387
          ],
          "conflicts": []
        }
      }
    },
    "/data/caca2cd68334e59235bb1f979f5d4088.sol:LoveBankAccessControl": {
      "results": {
        "TODReceiver": {
          "violations": [
            -1
          ],
          "warnings": [],
          "safe": [
            -1
          ],
          "conflicts": []
        },
        "UnhandledException": {
          "violations": [],
          "warnings": [
            -1
          ],
          "safe": [],
          "conflicts": []
        },
        "TODTransfer": {
          "violations": [
            -1
          ],
          "warnings": [
            -1
          ],
          "safe": [
            -1
          ],
          "conflicts": [
            -1
          ]
        },
        "DAO": {
          "violations": [
            -1
          ],
          "warnings": [
            -1
          ],
          "safe": [
            -1
          ],
          "conflicts": []
        },
        "TODAmount": {
          "violations": [
            -1
          ],
          "warnings": [
            -1
          ],
          "safe": [
            -1
          ],
          "conflicts": []
        },
        "MissingInputValidation": {
          "violations": [
            -1
          ],
          "warnings": [
            -1,
            77,
            27,
            107,
            70,
            29,
            32,
            98,
            28,
            63
          ],
          "safe": [
            -1
          ],
          "conflicts": []
        },
        "DAOConstantGas": {
          "violations": [
            -1
          ],
          "warnings": [
            -1
          ],
          "safe": [
            -1
          ],
          "conflicts": []
        },
        "UnrestrictedEtherFlow": {
          "violations": [],
          "warnings": [
            -1
          ],
          "safe": [
            -1
          ],
          "conflicts": []
        }
      }
    },
    "/data/caca2cd68334e59235bb1f979f5d4088.sol:BankCore": {
      "results": {
        "TODReceiver": {
          "violations": [
            642
          ],
          "warnings": [],
          "safe": [
            462,
            42,
            0,
            55,
            458,
            412,
            417,
            387
          ],
          "conflicts": []
        },
        "UnhandledException": {
          "violations": [],
          "warnings": [
            462,
            42,
            357,
            379,
            0,
            55,
            439,
            458,
            483,
            412,
            417,
            432,
            387,
            642,
            635
          ],
          "safe": [],
          "conflicts": []
        },
        "TODTransfer": {
          "violations": [
            642
          ],
          "warnings": [
            42,
            417
          ],
          "safe": [
            462,
            0,
            55,
            458,
            412,
            387
          ],
          "conflicts": []
        },
        "DAO": {
          "violations": [
            55,
            458
          ],
          "warnings": [
            462,
            42,
            412,
            417
          ],
          "safe": [],
          "conflicts": []
        },
        "TODAmount": {
          "violations": [
            642
          ],