{
  "contract": "8628648cc7cac0598a660952f33d9702",
  "tool": "securify",
  "start": 1645854390.260072,
  "end": 1645855006.0418882,
  "duration": 615.7818162441254,
  "analysis": {
    "/data/8628648cc7cac0598a660952f33d9702.sol:UserDataManager": {
      "results": {
        "TODReceiver": {
          "violations": [],
          "warnings": [],
          "safe": [
            568,
            578,
            922,
            924,
            926,
            928
          ],
          "conflicts": []
        },
        "UnhandledException": {
          "violations": [],
          "warnings": [
            568,
            578,
            450,
            460,
            922,
            924,
            926,
            928,
            492,
            498
          ],
          "safe": [],
          "conflicts": []
        },
        "TODTransfer": {
          "violations": [],
          "warnings": [
            578
          ],
          "safe": [
            568,
            922,
            924,
            926,
            928
          ],
          "conflicts": []
        },
        "DAO": {
          "violations": [],
          "warnings": [
            578,
            922,
            924,
            926,
            928
          ],
          "safe": [],
          "conflicts": []
        },
        "TODAmount": {
          "violations": [
            568
          ],
          "warnings": [],
          "safe": [
            578,
            922,
            924,
            926,
            928
          ],
          "conflicts": []
        },
        "MissingInputValidation": {
          "violations": [
            110,
            126,
            122,
            124,
            108,
            900,
            654,
            826,
            120,
            668,
            112,
            624,
            118,
            696,
            640,
            934
          ],
          "warnings": [
            508,
            106,
            240,
            114,
            466,
            682,
            532,
            956,
            116,
            590
          ],
          "safe": [
            372,
            430,
            314,
            754,
            264
          ],
          "conflicts": []
        },
        "DAOConstantGas": {
          "violations": [],
          "warnings": [
            568
          ],
          "safe": [],
          "conflicts": []
        },
        "UnrestrictedEtherFlow": {
          "violations": [],
          "warnings": [
            450,
            460,
            492,
            498
          ],
          "safe": [
            568,
            578,
            922,
            924,
            926,
            928
          ],
          "conflicts": []
        }
      }
    },
    "/data/8628648cc7cac0598a660952f33d9702.sol:UserDataManagerReceiverInterface": {
      "results": {
        "TODReceiver": {
          "violations": [],
          "warnings": [],
          "safe": [
            -1
          ],
          "conflicts": []
        },
        "UnhandledException": {
          "violations": [],
          "warnings": [
            -1
          ],
          "safe": [],
          "conflicts": []
        },
        "TODTransfer": {
          "violations": [],
          "warnings": [
            -1
          ],
          "safe": [
            -1
          ],
          "conflicts": []
        },
        "DAO": {
          "violations": [],
          "warnings": [
            -1
          ],
          "safe": [],
          "conflicts": []
        },
        "TODAmount": {
          "violations": [
            -1
          ],
          "warnings": [],
          "safe": [
            -1
          ],
          "conflicts": []
        },
        "MissingInputValidation": {
          "violations": [],
          "warnings": [],
          "safe": [],
          "conflicts": []
        },
        "DAOConstantGas": {
          "violations": [],
          "warnings": [
            -1
          ],
          "safe": [],
          "conflicts": []
        },
        "UnrestrictedEtherFlow": {
          "violations": [],
          "warnings": [
            -1
          ],
          "safe": [
            -1
          ],
          "conflicts": []
        }
      }
    },
    "/data/8628648cc7cac0598a660952f33d9702.sol:SafeMath": {
      "results": {
        "TODReceiver": {
          "violations": [],
          "warnings": [],
          "safe": [],
          "conflicts": []
        },
        "UnhandledException": {
          "violations": [],
          "warnings": [],
          "safe": [],
          "conflicts": []
        },
        "TODTransfer": {
          "violations": [],
          "warnings": [],
          "safe": [],
          "conflicts": []
        },
        "DAO": {
          "violations": [],
          "warnings": [],
          "safe": [],
          "conflicts": []
        },
        "TODAmount": {
          "violations": [],
          "warnings": [],
          "safe": [],
          "conflicts": []
        },
        "MissingInputValidation": {
          "violations": [],
          "warnings": [],
          "safe": [],
          "conflicts": []
        },
        "DAOConstantGas": {
          "violations": [],
          "warnings": [],
          "safe": [],
          "conflicts": []
        },
        "UnrestrictedEtherFlow": {
          "violations": [],
          "warnings": [],
          "safe": [],
          "conflicts": []
        }
      }
    },
    "/data/8628648cc7cac0598a660952f33d9702.sol:NameFilter": {
      "results": {
        "TODReceiver": {
          "violations": [],
          "warnings": [],
          "safe": [],
          "conflicts": []
        },
        "UnhandledException": {
          "violations": [],
          "warnings": [],
          "safe": [],
          "conflicts": []
        },
        "TODTransfer": {
          "violations": [],
          "warnings": [],
          "safe": [],
          "conflicts": []
        },
        "DAO": {
          "violations": [],
          "warnings": [],
          "safe": [],
          "conflicts": []
        },
        "TODAmount": {
          "violations": [],
          "warnings": [],
          "safe": [],
          "conflicts": []
        },
        "MissingInputValidation": {
          "violations": [],
          "warnings": [],
          "safe": [],
          "conflicts": []
        },
        "DAOConstantGas": {
          "violations": [],
          "warnings": [],
          "safe": [],
          "conflicts": []
        },
        "UnrestrictedEtherFlow": {
          "violations": [],
          "warnings": [],
          "safe": [],
          "conflicts": []
        }
      }
    }
  }
}