{
  "contract": "a3bd27b3c273cd743eee9012976862a0",
  "tool": "securify",
  "start": 1645920205.8197563,
  "end": 1645920371.783711,
  "duration": 165.96395468711853,
  "analysis": {
    "/data/a3bd27b3c273cd743eee9012976862a0.sol:MultipleArbitrableTransaction": {
      "results": {
        "TODReceiver": {
          "violations": [],
          "warnings": [
            976,
            1136
          ],
          "safe": [
            1084,
            1098,
            1278,
            1010,
            954,
            984,
            1338,
            1342,
            1348,
            1350
          ],
          "conflicts": []
        },
        "UnhandledException": {
          "violations": [
            976,
            1136,
            1338,
            1342,
            1348,
            1350
          ],
          "warnings": [
            1060,
            1,
            1006,
            948,
            1084,
            1098,
            978,
            1136,
            1278,
            1010,
            954,
            984
          ],
          "safe": [],
          "conflicts": []
        },
        "TODTransfer": {
          "violations": [],
          "warnings": [
            1084,
            1098
          ],
          "safe": [],
          "conflicts": [
            976,
            1136,
            1278,
            1010,
            954,
            984,
            1338,
            1342,
            1348,
            1350
          ]
        },
        "DAO": {
          "violations": [],
          "warnings": [
            1084,
            1098,
            1278
          ],
          "safe": [],
          "conflicts": []
        },
        "TODAmount": {
          "violations": [],
          "warnings": [
            954,
            984
          ],
          "safe": [
            1084,
            976,
            1098,
            1136,
            1278,
            1010,
            1338,
            1342,
            1348,
            1350
          ],
          "conflicts": []
        },
        "MissingInputValidation": {
          "violations": [],
          "warnings": [],
          "safe": [],
          "conflicts": []
        },
        "DAOConstantGas": {
          "violations": [
            1010,
            954,
            984,
            1338
          ],
          "warnings": [
            976,
            1136
          ],
          "safe": [
            1342,
            1348,
            1350
          ],
          "conflicts": []
        },
        "UnrestrictedEtherFlow": {
          "violations": [],
          "warnings": [
            1060,
            1,
            1006,
            948,
            976,
            978,
            1136,
            1084,
            954,
            984,
            1338,
            1342,
            1348,
            1350
          ],
          "safe": [
            1084,
            1098,
            1278,
            1010
          ],
          "conflicts": []
        }
      }
    },
    "/data/a3bd27b3c273cd743eee9012976862a0.sol:CentralizedArbitrator": {
      "results": {
        "TODReceiver": {
          "violations": [],
          "warnings": [
            -1,
            332
          ],
          "safe": [
            -1
          ],
          "conflicts": []
        },
        "UnhandledException": {
          "violations": [
            -1,
            332
          ],
          "warnings": [
            322,
            -1,
            334
          ],
          "safe": [],
          "conflicts": []
        },
        "TODTransfer": {
          "violations": [],
          "warnings": [
            -1
          ],
          "safe": [],
          "conflicts": [
            -1,
            332
          ]
        },
        "DAO": {
          "violations": [],
          "warnings": [
            -1
          ],
          "safe": [],
          "conflicts": []
        },
        "TODAmount": {
          "violations": [],
          "warnings": [],
          "safe": [
            -1,
            332
          ],
          "conflicts": []
        },
        "MissingInputValidation": {
          "violations": [],
          "warnings": [],
          "safe": [],
          "conflicts": []
        },
        "DAOConstantGas": {
          "violations": [],
          "warnings": [
            -1,
            332
          ],
          "safe": [],
          "conflicts": []
        },
        "UnrestrictedEtherFlow": {
          "violations": [],
          "warnings": [
            322,
            -1,
            332,
            334
          ],
          "safe": [
            -1
          ],
          "conflicts": []
        }
      }
    },
    "/data/a3bd27b3c273cd743eee9012976862a0.sol:AppealableArbitrator": {
      "results": {
        "TODReceiver": {
          "violations": [],
          "warnings": [
            332
          ],
          "safe": [
            538,
            544
          ],
          "conflicts": []
        },
        "UnhandledException": {
          "violations": [
            332
          ],
          "warnings": [
            642,
            512,
            620,
            622,
            538,
            544,
            334
          ],
          "safe": [],
          "conflicts": []
        },
        "TODTransfer": {
          "violations": [],
          "warnings": [
            538,
            544
          ],
          "safe": [],
          "conflicts": [
            332
          ]
        },
        "DAO": {
          "violations": [],
          "warnings": [
            538,
            544
          ],
          "safe": [],
          "conflicts": []
        },
        "TODAmount": {
          "violations": [],
          "warnings": [],
          "safe": [
            538,
            332,
            544
          ],
          "conflicts": []
        },
        "MissingInputValidation": {
          "violations": [],
          "warnings": [],
          "safe": [],
          "conflicts": []
        },
        "DAOConstantGas": {
          "violations": [],
          "warnings": [
            332
          ],
          "safe": [],
          "conflicts": []
        },
        "UnrestrictedEtherFlow": {
          "violations": [],
          "warnings": [
            642,
            512,
            620,
            622,
            332,
            334
          ],
          "safe": [
            538,
            544
          ],
          "conflicts": []
        }
      }
    },
    "/data/a3bd27b3c273cd743eee9012976862a0.sol:Arbitrable": {
      "results": {
        "TODReceiver": {
          "violations": [],
          "warnings": [
            -1
          ],
          "safe": [
            -1
          ],
          "conflicts": []
        },
        "UnhandledException": {
          "violations": [
            -1
          ],
          "warnings": [
            -1
          ],
          "safe": [],
          "conflicts": []
        },
        "TODTransfer": {
          "violations": [],
          "warnings": [
            -1
          ],
          "safe": [],
          "conflicts": [
            -1
          ]
        },
        "DAO": {
          "violations": [],
          "warnings": [
            -1
          ],
          "safe": [],
          "conflicts": []
        },
        "TODAmount": {
          "violations": [],
          "warnings": [],
          "safe": [
            -1
          ],
          "conflicts": []
        },
        "MissingInputValidation": {
          "violations": [],
          "warnings": [],
          "safe": [],
          "conflicts": []
        },
        "DAOConstantGas": {
          "violations": [],
          "warnings": [
            -1
          ],
          "safe": [],
          "conflicts": []
        },
        "UnrestrictedEtherFlow": {
          "violations": [],
          "warnings": [
            -1
          ],