{
  "contract": "9e00986d643c97a722047eb3cb9a53e8",
  "tool": "securify",
  "start": 1646087056.6982245,
  "end": 1646088013.8428469,
  "duration": 957.1446223258972,
  "analysis": {
    "/data/9e00986d643c97a722047eb3cb9a53e8.sol:Exchange": {
      "results": {
        "TODReceiver": {
          "violations": [],
          "warnings": [
            216
          ],
          "safe": [
            329,
            336,
            218,
            237,
            239
          ],
          "conflicts": []
        },
        "UnhandledException": {
          "violations": [],
          "warnings": [
            521,
            525,
            329,
            336,
            216,
            218,
            227,
            237,
            239,
            196,
            199,
            203
          ],
          "safe": [],
          "conflicts": []
        },
        "TODTransfer": {
          "violations": [],
          "warnings": [
            329,
            336,
            216,
            218,
            237,
            239
          ],
          "safe": [],
          "conflicts": []
        },
        "DAO": {
          "violations": [],
          "warnings": [
            329,
            336,
            218,
            239
          ],
          "safe": [],
          "conflicts": []
        },
        "TODAmount": {
          "violations": [],
          "warnings": [],
          "safe": [
            329,
            336,
            216,
            218,
            237,
            239
          ],
          "conflicts": []
        },
        "MissingInputValidation": {
          "violations": [
            73,
            245,
            78,
            59,
            86,
            94,
            223,
            81,
            80,
            87,
            82
          ],
          "warnings": [
            89,
            484,
            97,
            281,
            70,
            53,
            48,
            83,
            125,
            84,
            92,
            88,
            42,
            549,
            39,
            38,
            58,
            96,
            90,
            85,
            91
          ],
          "safe": [
            467,
            211,
            148,
            193,
            160,
            66
          ],
          "conflicts": []
        },
        "DAOConstantGas": {
          "violations": [
            237
          ],
          "warnings": [
            216
          ],
          "safe": [],
          "conflicts": []
        },
        "UnrestrictedEtherFlow": {
          "violations": [],
          "warnings": [
            521,
            525,
            329,
            336,
            227,
            196,
            199,
            203
          ],
          "safe": [
            329,
            336,
            216,
            218,
            237,
            239
          ],
          "conflicts": []
        }
      }
    },
    "/data/9e00986d643c97a722047eb3cb9a53e8.sol:EthermiumTokenList": {
      "results": {
        "TODReceiver": {
          "violations": [],
          "warnings": [],
          "safe": [],
          "conflicts": []
        },
        "UnhandledException": {
          "violations": [],
          "warnings": [],
          "safe": [],
          "conflicts": []
        },
        "TODTransfer": {
          "violations": [],
          "warnings": [],
          "safe": [],
          "conflicts": []
        },
        "DAO": {
          "violations": [],
          "warnings": [],
          "safe": [],
          "conflicts": []
        },
        "TODAmount": {
          "violations": [],
          "warnings": [],
          "safe": [],
          "conflicts": []
        },
        "MissingInputValidation": {
          "violations": [],
          "warnings": [],
          "safe": [],
          "conflicts": []
        },
        "DAOConstantGas": {
          "violations": [],
          "warnings": [],
          "safe": [],
          "conflicts": []
        },
        "UnrestrictedEtherFlow": {
          "violations": [],
          "warnings": [],
          "safe": [],
          "conflicts": []
        }
      }
    },
    "/data/9e00986d643c97a722047eb3cb9a53e8.sol:Token": {
      "results": {
        "TODReceiver": {
          "violations": [],
          "warnings": [
            -1
          ],
          "safe": [
            -1
          ],
          "conflicts": []
        },
        "UnhandledException": {
          "violations": [],
          "warnings": [
            -1
          ],
          "safe": [],
          "conflicts": []
        },
        "TODTransfer": {
          "violations": [],
          "warnings": [
            -1
          ],
          "safe": [],
          "conflicts": []
        },
        "DAO": {
          "violations": [],
          "warnings": [
            -1
          ],
          "safe": [],
          "conflicts": []
        },
        "TODAmount": {
          "violations": [],
          "warnings": [],
          "safe": [
            -1
          ],
          "conflicts": []
        },
        "MissingInputValidation": {
          "violations": [],
          "warnings": [],
          "safe": [],
          "conflicts": []
        },
        "DAOConstantGas": {
          "violations": [
            -1
          ],
          "warnings": [
            -1
          ],
          "safe": [],
          "conflicts": []
        },
        "UnrestrictedEtherFlow": {
          "violations": [],
          "warnings": [
            -1
          ],
          "safe": [
            -1
          ],
          "conflicts": []
        }
      }
    },
    "/data/9e00986d643c97a722047eb3cb9a53e8.sol:EthermiumAffiliates": {
      "results": {
        "TODReceiver": {
          "violations": [],
          "warnings": [],
          "safe": [],
          "conflicts": []
        },
        "UnhandledException": {
          "violations": [],
          "warnings": [],
          "safe": [],
          "conflicts": []
        },
        "TODTransfer": {
          "violations": [],
          "warnings": [],
          "safe": [],
          "conflicts": []
        },
        "DAO": {
          "violations": [],
          "warnings": [],
          "safe": [],
          "conflicts": []
        },
        "TODAmount": {
          "violations": [],
          "warnings": [],
          "safe": [],
          "conflicts": []
        },
        "MissingInputValidation": {
          "violations": [],
          "warnings": [],
          "safe": [],
          "conflicts": []
        },
        "DAOConstantGas": {
          "violations": [],
          "warnings": [],
          "safe": [],
          "conflicts": []
        },
        "UnrestrictedEtherFlow": {
          "violations": [],
          "warnings": [],
          "safe": [],
          "conflicts": []
        }
      }
    }
  }
}