{
  "contract": "35ef319a6028004087c030fbd2708a3e",
  "tool": "securify",
  "start": 1646026089.4724364,
  "end": 1646026539.2990105,
  "duration": 449.82657408714294,
  "analysis": {
    "/data/35ef319a6028004087c030fbd2708a3e.sol:ShortOrder": {
      "results": {
        "TODReceiver": {
          "violations": [],
          "warnings": [
            220,
            167,
            168,
            207,
            148
          ],
          "safe": [
            177
          ],
          "conflicts": []
        },
        "UnhandledException": {
          "violations": [],
          "warnings": [
            215,
            220,
            240,
            157,
            177,
            167,
            168,
            234,
            252,
            246,
            228,
            202,
            207,
            133,
            123,
            145,
            148
          ],
          "safe": [],
          "conflicts": []
        },
        "TODTransfer": {
          "violations": [],
          "warnings": [
            220,
            177,
            167,
            207,
            148
          ],
          "safe": [
            168
          ],
          "conflicts": []
        },
        "DAO": {
          "violations": [],
          "warnings": [
            168
          ],
          "safe": [],
          "conflicts": []
        },
        "TODAmount": {
          "violations": [],
          "warnings": [],
          "safe": [
            220,
            177,
            167,
            168,
            207,
            148
          ],
          "conflicts": []
        },
        "MissingInputValidation": {
          "violations": [
            212,
            238,
            154,
            232,
            100,
            250,
            244,
            260,
            226,
            199,
            130,
            120,
            142
          ],
          "warnings": [
            256,
            42,
            59,
            54,
            49
          ],
          "safe": [],
          "conflicts": []
        },
        "DAOConstantGas": {
          "violations": [
            207,
            148
          ],
          "warnings": [
            220,
            177,
            167
          ],
          "safe": [],
          "conflicts": []
        },
        "UnrestrictedEtherFlow": {
          "violations": [],
          "warnings": [
            215,
            240,
            157,
            234,
            252,
            246,
            228,
            202,
            207,
            133,
            123,
            145
          ],
          "safe": [
            220,
            177,
            167,
            168,
            148
          ],
          "conflicts": []
        }
      }
    },
    "/data/35ef319a6028004087c030fbd2708a3e.sol:SafeMath": {
      "results": {
        "TODReceiver": {
          "violations": [],
          "warnings": [],
          "safe": [],
          "conflicts": []
        },
        "UnhandledException": {
          "violations": [],
          "warnings": [],
          "safe": [],
          "conflicts": []
        },
        "TODTransfer": {
          "violations": [],
          "warnings": [],
          "safe": [],
          "conflicts": []
        },
        "DAO": {
          "violations": [],
          "warnings": [],
          "safe": [],
          "conflicts": []
        },
        "TODAmount": {
          "violations": [],
          "warnings": [],
          "safe": [],
          "conflicts": []
        },
        "MissingInputValidation": {
          "violations": [],
          "warnings": [],
          "safe": [],
          "conflicts": []
        },
        "DAOConstantGas": {
          "violations": [],
          "warnings": [],
          "safe": [],
          "conflicts": []
        },
        "UnrestrictedEtherFlow": {
          "violations": [],
          "warnings": [],
          "safe": [],
          "conflicts": []
        }
      }
    },
    "/data/35ef319a6028004087c030fbd2708a3e.sol:Token": {
      "results": {
        "TODReceiver": {
          "violations": [],
          "warnings": [
            -1
          ],
          "safe": [
            -1
          ],
          "conflicts": []
        },
        "UnhandledException": {
          "violations": [],
          "warnings": [
            -1
          ],
          "safe": [],
          "conflicts": []
        },
        "TODTransfer": {
          "violations": [],
          "warnings": [
            -1
          ],
          "safe": [
            -1
          ],
          "conflicts": []
        },
        "DAO": {
          "violations": [],
          "warnings": [
            -1
          ],
          "safe": [],
          "conflicts": []
        },
        "TODAmount": {
          "violations": [],
          "warnings": [],
          "safe": [
            -1
          ],
          "conflicts": []
        },
        "MissingInputValidation": {
          "violations": [],
          "warnings": [],
          "safe": [],
          "conflicts": []
        },
        "DAOConstantGas": {
          "violations": [
            -1
          ],
          "warnings": [
            -1
          ],
          "safe": [],
          "conflicts": []
        },
        "UnrestrictedEtherFlow": {
          "violations": [],
          "warnings": [
            -1
          ],
          "safe": [
            -1
          ],
          "conflicts": []
        }
      }
    }
  }
}